t,name,x,y
0.0,obstacle_cat,2.83,0.966
0.06,obstacle_cat,2.83,0.966
0.11,obstacle_cat,2.83,0.966
0.17,obstacle_cat,2.83,0.966
0.23,obstacle_cat,2.83,0.966
0.28,obstacle_cat,2.83,0.966
0.34,obstacle_cat,2.83,0.966
0.4,obstacle_cat,2.83,0.966
0.45,obstacle_cat,2.83,0.966
0.51,obstacle_cat,2.83,0.966
0.57,obstacle_cat,2.83,0.966
0.63,obstacle_cat,2.83,0.966
0.68,obstacle_cat,2.83,0.966
0.74,obstacle_cat,2.83,0.966
0.8,obstacle_cat,2.83,0.966
0.85,obstacle_cat,2.83,0.966
0.91,obstacle_cat,2.83,0.966
0.97,obstacle_cat,2.83,0.966
1.03,obstacle_cat,2.83,0.966
1.09,obstacle_cat,2.83,0.966
1.14,obstacle_cat,2.83,0.966
1.2,obstacle_cat,2.83,0.966
1.25,obstacle_cat,2.83,0.966
1.31,obstacle_cat,2.83,0.966
1.36,obstacle_cat,2.83,0.966
1.42,obstacle_cat,2.83,0.966
1.47,obstacle_cat,2.83,0.966
1.54,obstacle_cat,2.83,0.966
1.59,obstacle_cat,2.83,0.966
1.65,obstacle_cat,2.83,0.966
1.7,obstacle_cat,2.83,0.966
1.76,obstacle_cat,2.83,0.966
1.82,obstacle_cat,2.83,0.966
1.87,obstacle_cat,2.83,0.966
1.93,obstacle_cat,2.83,0.966
1.99,obstacle_cat,2.83,0.966
2.05,obstacle_cat,2.83,0.966
2.1,obstacle_cat,2.83,0.966
2.16,obstacle_cat,2.83,0.966
2.21,obstacle_cat,2.83,0.966
2.27,obstacle_cat,2.83,0.966
2.33,obstacle_cat,2.83,0.966
2.38,obstacle_cat,2.83,0.966
2.44,obstacle_cat,2.83,0.966
2.49,obstacle_cat,2.83,0.966
2.55,obstacle_cat,2.83,0.966
2.6,obstacle_cat,2.83,0.966
2.66,obstacle_cat,2.83,0.966
2.72,obstacle_cat,2.83,0.966
2.77,obstacle_cat,2.83,0.966
2.83,obstacle_cat,2.83,0.966
2.89,obstacle_cat,2.83,0.966
2.95,obstacle_cat,2.83,0.966
3.01,obstacle_cat,2.83,0.966
3.06,obstacle_cat,2.83,0.966
3.12,obstacle_cat,2.83,0.966
3.18,obstacle_cat,2.83,0.966
3.23,obstacle_cat,2.83,0.966
3.29,obstacle_cat,2.83,0.966
3.34,obstacle_cat,2.83,0.966
3.4,obstacle_cat,2.83,0.966
3.46,obstacle_cat,2.83,0.966
3.51,obstacle_cat,2.83,0.966
3.57,obstacle_cat,2.83,0.966
3.63,obstacle_cat,2.83,0.966
3.68,obstacle_cat,2.83,0.966
3.74,obstacle_cat,2.83,0.966
3.79,obstacle_cat,2.83,0.966
3.85,obstacle_cat,2.83,0.966
3.91,obstacle_cat,2.83,0.966
3.96,obstacle_cat,2.83,0.966
4.02,obstacle_cat,2.83,0.966
4.08,obstacle_cat,2.83,0.966
4.13,obstacle_cat,2.83,0.966
4.19,obstacle_cat,2.83,0.966
4.24,obstacle_cat,2.83,0.966
4.3,obstacle_cat,2.83,0.966
4.36,obstacle_cat,2.83,0.966
4.41,obstacle_cat,2.83,0.966
4.47,obstacle_cat,2.83,0.966
4.52,obstacle_cat,2.83,0.966
4.58,obstacle_cat,2.83,0.966
4.64,obstacle_cat,2.83,0.966
4.69,obstacle_cat,2.83,0.966
4.75,obstacle_cat,2.83,0.966
4.81,obstacle_cat,2.83,0.966
4.87,obstacle_cat,2.83,0.966
4.92,obstacle_cat,2.83,0.966
4.98,obstacle_cat,2.83,0.966
5.03,obstacle_cat,2.83,0.966
5.09,obstacle_cat,2.83,0.966
5.15,obstacle_cat,2.83,0.966
5.21,obstacle_cat,2.83,0.966
5.26,obstacle_cat,2.83,0.966
5.32,obstacle_cat,2.83,0.966
5.38,obstacle_cat,2.83,0.966
5.43,obstacle_cat,2.83,0.966
5.49,obstacle_cat,2.83,0.966
5.54,obstacle_cat,2.83,0.966
5.6,obstacle_cat,2.83,0.966
5.66,obstacle_cat,2.83,0.966
5.71,obstacle_cat,2.83,0.966
5.77,obstacle_cat,2.83,0.966
5.82,obstacle_cat,2.83,0.966
5.88,obstacle_cat,2.83,0.966
5.94,obstacle_cat,2.83,0.966
5.99,obstacle_cat,2.83,0.966
6.05,obstacle_cat,2.83,0.966
6.11,obstacle_cat,2.83,0.966
6.16,obstacle_cat,2.83,0.966
6.22,obstacle_cat,2.83,0.966
6.28,obstacle_cat,2.83,0.966
6.34,obstacle_cat,2.83,0.966
6.39,obstacle_cat,2.83,0.966
6.45,obstacle_cat,2.83,0.966
6.51,obstacle_cat,2.83,0.966
6.56,obstacle_cat,2.83,0.966
6.62,obstacle_cat,2.83,0.966
6.68,obstacle_cat,2.83,0.966
6.73,obstacle_cat,2.83,0.966
6.79,obstacle_cat,2.83,0.966
6.85,obstacle_cat,2.83,0.966
6.91,obstacle_cat,2.83,0.966
6.96,obstacle_cat,2.83,0.966
7.02,obstacle_cat,2.83,0.966
7.07,obstacle_cat,2.83,0.966
7.13,obstacle_cat,2.83,0.966
7.18,obstacle_cat,2.83,0.966
7.24,obstacle_cat,2.83,0.966
7.3,obstacle_cat,2.83,0.966
7.35,obstacle_cat,2.83,0.966
7.41,obstacle_cat,2.83,0.966
7.46,obstacle_cat,2.83,0.966
7.52,obstacle_cat,2.83,0.966
7.58,obstacle_cat,2.83,0.966
7.64,obstacle_cat,2.83,0.966
7.69,obstacle_cat,2.83,0.966
7.75,obstacle_cat,2.83,0.966
7.8,obstacle_cat,2.83,0.966
7.86,obstacle_cat,2.83,0.966
7.92,obstacle_cat,2.83,0.966
7.97,obstacle_cat,2.83,0.966
8.02,obstacle_cat,2.83,0.966
8.08,obstacle_cat,2.83,0.966
8.14,obstacle_cat,2.83,0.966
8.19,obstacle_cat,2.83,0.966
8.25,obstacle_cat,2.83,0.966
8.3,obstacle_cat,2.83,0.966
8.36,obstacle_cat,2.83,0.966
8.41,obstacle_cat,2.83,0.966
8.47,obstacle_cat,2.83,0.966
8.52,obstacle_cat,2.83,0.966
8.58,obstacle_cat,2.83,0.966
8.63,obstacle_cat,2.83,0.966
8.69,obstacle_cat,2.83,0.966
8.75,obstacle_cat,2.83,0.966
8.81,obstacle_cat,2.83,0.966
8.86,obstacle_cat,2.83,0.966
8.92,obstacle_cat,2.83,0.966
8.97,obstacle_cat,2.83,0.966
9.03,obstacle_cat,2.83,0.966
9.08,obstacle_cat,2.83,0.966
9.14,obstacle_cat,2.83,0.966
9.2,obstacle_cat,2.83,0.966
9.25,obstacle_cat,2.83,0.966
9.31,obstacle_cat,2.83,0.966
9.37,obstacle_cat,2.83,0.966
9.42,obstacle_cat,2.83,0.966
9.48,obstacle_cat,2.83,0.966
9.53,obstacle_cat,2.83,0.966
9.59,obstacle_cat,2.83,0.966
9.64,obstacle_cat,2.83,0.966
9.7,obstacle_cat,2.83,0.966
9.75,obstacle_cat,2.83,0.966
9.81,obstacle_cat,2.83,0.966
9.86,obstacle_cat,2.83,0.966
9.93,obstacle_cat,2.83,0.966
9.98,obstacle_cat,2.83,0.966
10.04,obstacle_cat,2.83,0.966
10.1,obstacle_cat,2.83,0.966
10.15,obstacle_cat,2.83,0.966
10.21,obstacle_cat,2.83,0.966
10.27,obstacle_cat,2.83,0.966
10.32,obstacle_cat,2.83,0.966
10.38,obstacle_cat,2.83,0.966
10.44,obstacle_cat,2.83,0.966
10.49,obstacle_cat,2.83,0.966
10.55,obstacle_cat,2.83,0.966
10.6,obstacle_cat,2.83,0.966
10.66,obstacle_cat,2.83,0.966
10.72,obstacle_cat,2.83,0.966
10.77,obstacle_cat,2.83,0.966
10.83,obstacle_cat,2.83,0.966
10.89,obstacle_cat,2.83,0.966
10.94,obstacle_cat,2.83,0.966
11.0,obstacle_cat,2.83,0.966
11.05,obstacle_cat,2.83,0.966
11.11,obstacle_cat,2.83,0.966
11.17,obstacle_cat,2.83,0.966
11.23,obstacle_cat,2.83,0.966
11.28,obstacle_cat,2.83,0.966
11.34,obstacle_cat,2.83,0.966
11.4,obstacle_cat,2.83,0.966
11.45,obstacle_cat,2.83,0.966
11.51,obstacle_cat,2.83,0.966
11.57,obstacle_cat,2.83,0.966
11.62,obstacle_cat,2.83,0.966
11.68,obstacle_cat,2.83,0.966
11.74,obstacle_cat,2.83,0.966
11.79,obstacle_cat,2.83,0.966
11.85,obstacle_cat,2.83,0.966
11.9,obstacle_cat,2.83,0.966
11.96,obstacle_cat,2.83,0.966
12.01,obstacle_cat,2.83,0.966
12.07,obstacle_cat,2.83,0.966
12.13,obstacle_cat,2.83,0.966
12.18,obstacle_cat,2.83,0.966
12.24,obstacle_cat,2.83,0.966
12.3,obstacle_cat,2.83,0.966
12.36,obstacle_cat,2.83,0.966
12.42,obstacle_cat,2.83,0.966
12.47,obstacle_cat,2.83,0.966
12.53,obstacle_cat,2.83,0.966
12.58,obstacle_cat,2.83,0.966
12.64,obstacle_cat,2.83,0.966
12.7,obstacle_cat,2.83,0.966
12.76,obstacle_cat,2.83,0.966
12.81,obstacle_cat,2.83,0.966
12.87,obstacle_cat,2.83,0.966
12.93,obstacle_cat,2.83,0.966
12.99,obstacle_cat,2.83,0.966
13.04,obstacle_cat,2.83,0.966
13.1,obstacle_cat,2.83,0.966
13.15,obstacle_cat,2.83,0.966
13.21,obstacle_cat,2.83,0.966
13.26,obstacle_cat,2.83,0.966
13.32,obstacle_cat,2.83,0.966
13.37,obstacle_cat,2.83,0.966
13.43,obstacle_cat,2.83,0.966
13.49,obstacle_cat,2.83,0.966
13.54,obstacle_cat,2.83,0.966
13.6,obstacle_cat,2.83,0.966
13.66,obstacle_cat,2.83,0.966
13.72,obstacle_cat,2.83,0.966
13.77,obstacle_cat,2.83,0.966
13.83,obstacle_cat,2.83,0.966
13.88,obstacle_cat,2.83,0.966
13.94,obstacle_cat,2.83,0.966
13.99,obstacle_cat,2.83,0.966
14.05,obstacle_cat,2.83,0.966
14.11,obstacle_cat,2.83,0.966
14.16,obstacle_cat,2.83,0.966
14.22,obstacle_cat,2.83,0.966
14.27,obstacle_cat,2.83,0.966
14.33,obstacle_cat,2.83,0.966
14.38,obstacle_cat,2.83,0.966
14.44,obstacle_cat,2.83,0.966
14.5,obstacle_cat,2.83,0.966
14.56,obstacle_cat,2.83,0.966
14.61,obstacle_cat,2.83,0.966
14.67,obstacle_cat,2.83,0.966
14.72,obstacle_cat,2.83,0.966
14.78,obstacle_cat,2.83,0.966
14.84,obstacle_cat,2.83,0.966
14.89,obstacle_cat,2.83,0.966
14.95,obstacle_cat,2.83,0.966
15.0,obstacle_cat,2.83,0.966
15.06,obstacle_cat,2.83,0.966
15.12,obstacle_cat,2.83,0.966
15.18,obstacle_cat,2.83,0.966
15.23,obstacle_cat,2.83,0.966
15.29,obstacle_cat,2.83,0.966
15.34,obstacle_cat,2.83,0.966
15.4,obstacle_cat,2.83,0.966
15.46,obstacle_cat,2.83,0.966
15.51,obstacle_cat,2.83,0.966
15.57,obstacle_cat,2.83,0.966
15.63,obstacle_cat,2.83,0.966
15.68,obstacle_cat,2.83,0.966
15.74,obstacle_cat,2.83,0.966
15.8,obstacle_cat,2.83,0.966
15.86,obstacle_cat,2.83,0.966
15.91,obstacle_cat,2.83,0.966
15.97,obstacle_cat,2.83,0.966
16.02,obstacle_cat,2.83,0.966
16.08,obstacle_cat,2.83,0.966
16.14,obstacle_cat,2.83,0.966
16.2,obstacle_cat,2.83,0.966
16.25,obstacle_cat,2.83,0.966
16.31,obstacle_cat,2.83,0.966
16.37,obstacle_cat,2.83,0.966
16.42,obstacle_cat,2.83,0.966
16.48,obstacle_cat,2.83,0.966
16.54,obstacle_cat,2.83,0.966
16.6,obstacle_cat,2.83,0.966
16.65,obstacle_cat,2.83,0.966
16.71,obstacle_cat,2.83,0.966
16.76,obstacle_cat,2.83,0.966
16.82,obstacle_cat,2.83,0.966
16.89,obstacle_cat,2.83,0.966
16.94,obstacle_cat,2.83,0.966
17.0,obstacle_cat,2.83,0.966
17.05,obstacle_cat,2.83,0.966
17.11,obstacle_cat,2.83,0.966
17.17,obstacle_cat,2.83,0.966
17.23,obstacle_cat,2.83,0.966
17.29,obstacle_cat,2.83,0.966
17.34,obstacle_cat,2.83,0.966
17.4,obstacle_cat,2.83,0.966
17.46,obstacle_cat,2.83,0.966
17.52,obstacle_cat,2.83,0.966
17.57,obstacle_cat,2.83,0.966
17.63,obstacle_cat,2.83,0.966
17.68,obstacle_cat,2.83,0.966
17.74,obstacle_cat,2.83,0.966
17.8,obstacle_cat,2.83,0.966
17.85,obstacle_cat,2.83,0.966
17.91,obstacle_cat,2.83,0.966
17.96,obstacle_cat,2.83,0.966
18.02,obstacle_cat,2.83,0.966
18.08,obstacle_cat,2.83,0.966
18.14,obstacle_cat,2.83,0.966
18.19,obstacle_cat,2.83,0.966
18.25,obstacle_cat,2.83,0.966
18.3,obstacle_cat,2.83,0.966
18.36,obstacle_cat,2.83,0.966
18.42,obstacle_cat,2.83,0.966
18.47,obstacle_cat,2.83,0.966
18.53,obstacle_cat,2.83,0.966
18.58,obstacle_cat,2.83,0.966
18.64,obstacle_cat,2.83,0.966
18.7,obstacle_cat,2.83,0.966
18.75,obstacle_cat,2.83,0.966
18.81,obstacle_cat,2.83,0.966
18.87,obstacle_cat,2.83,0.966
18.92,obstacle_cat,2.83,0.966
18.98,obstacle_cat,2.83,0.966
19.04,obstacle_cat,2.83,0.966
19.1,obstacle_cat,2.83,0.966
19.15,obstacle_cat,2.83,0.966
19.21,obstacle_cat,2.83,0.966
19.27,obstacle_cat,2.83,0.966
19.32,obstacle_cat,2.83,0.966
19.38,obstacle_cat,2.83,0.966
19.43,obstacle_cat,2.83,0.966
19.49,obstacle_cat,2.83,0.966
19.54,obstacle_cat,2.83,0.966
19.6,obstacle_cat,2.83,0.966
19.66,obstacle_cat,2.83,0.966
19.72,obstacle_cat,2.83,0.966
19.77,obstacle_cat,2.83,0.966
19.82,obstacle_cat,2.83,0.966
19.88,obstacle_cat,2.83,0.966
19.94,obstacle_cat,2.83,0.966
19.99,obstacle_cat,2.83,0.966
20.05,obstacle_cat,2.83,0.966
20.1,obstacle_cat,2.83,0.966
20.16,obstacle_cat,2.83,0.966
20.22,obstacle_cat,2.83,0.966
20.28,obstacle_cat,2.83,0.966
20.33,obstacle_cat,2.83,0.966
20.39,obstacle_cat,2.83,0.966
20.45,obstacle_cat,2.83,0.966
20.51,obstacle_cat,2.83,0.966
20.57,obstacle_cat,2.83,0.966
20.62,obstacle_cat,2.83,0.966
20.68,obstacle_cat,2.83,0.966
20.74,obstacle_cat,2.83,0.966
20.79,obstacle_cat,2.83,0.966
20.85,obstacle_cat,2.83,0.966
20.91,obstacle_cat,2.83,0.966
20.96,obstacle_cat,2.83,0.966
21.02,obstacle_cat,2.83,0.966
21.08,obstacle_cat,2.83,0.966
21.13,obstacle_cat,2.83,0.966
21.19,obstacle_cat,2.83,0.966
21.25,obstacle_cat,2.83,0.966
21.3,obstacle_cat,2.83,0.966
21.36,obstacle_cat,2.83,0.966
21.41,obstacle_cat,2.83,0.966
21.47,obstacle_cat,2.83,0.966
21.53,obstacle_cat,2.83,0.966
21.58,obstacle_cat,2.83,0.966
21.64,obstacle_cat,2.83,0.966
21.7,obstacle_cat,2.83,0.966
21.76,obstacle_cat,2.83,0.966
21.81,obstacle_cat,2.83,0.966
21.86,obstacle_cat,2.83,0.966
21.92,obstacle_cat,2.83,0.966
21.98,obstacle_cat,2.83,0.966
22.04,obstacle_cat,2.83,0.966
22.09,obstacle_cat,2.83,0.966
22.15,obstacle_cat,2.83,0.966
22.21,obstacle_cat,2.83,0.966
22.26,obstacle_cat,2.83,0.966
22.32,obstacle_cat,2.83,0.966
22.37,obstacle_cat,2.83,0.966
22.43,obstacle_cat,2.83,0.966
22.48,obstacle_cat,2.83,0.966
22.54,obstacle_cat,2.83,0.966
22.6,obstacle_cat,2.83,0.966
22.66,obstacle_cat,2.83,0.966
22.71,obstacle_cat,2.83,0.966
22.77,obstacle_cat,2.83,0.966
22.82,obstacle_cat,2.83,0.966
22.88,obstacle_cat,2.83,0.966
22.94,obstacle_cat,2.83,0.966
23.0,obstacle_cat,2.83,0.966
23.05,obstacle_cat,2.83,0.966
23.11,obstacle_cat,2.83,0.966
23.17,obstacle_cat,2.83,0.966
23.22,obstacle_cat,2.83,0.966
23.28,obstacle_cat,2.83,0.966
23.33,obstacle_cat,2.83,0.966
23.39,obstacle_cat,2.83,0.966
23.45,obstacle_cat,2.83,0.966
23.5,obstacle_cat,2.83,0.966
23.57,obstacle_cat,2.83,0.966
23.62,obstacle_cat,2.83,0.966
23.67,obstacle_cat,2.83,0.966
23.73,obstacle_cat,2.83,0.966
23.79,obstacle_cat,2.83,0.966
23.85,obstacle_cat,2.83,0.966
23.9,obstacle_cat,2.83,0.966
23.96,obstacle_cat,2.83,0.966
24.01,obstacle_cat,2.83,0.966
24.07,obstacle_cat,2.83,0.966
24.13,obstacle_cat,2.83,0.966
24.18,obstacle_cat,2.83,0.966
24.24,obstacle_cat,2.83,0.966
24.3,obstacle_cat,2.83,0.966
24.35,obstacle_cat,2.83,0.966
24.41,obstacle_cat,2.83,0.966
24.47,obstacle_cat,2.83,0.966
24.53,obstacle_cat,2.83,0.966
24.58,obstacle_cat,2.83,0.966
24.64,obstacle_cat,2.83,0.966
24.69,obstacle_cat,2.83,0.966
24.75,obstacle_cat,2.83,0.966
24.81,obstacle_cat,2.83,0.966
24.86,obstacle_cat,2.83,0.966
24.92,obstacle_cat,2.83,0.966
24.97,obstacle_cat,2.83,0.966
25.04,obstacle_cat,2.83,0.966
25.09,obstacle_cat,2.83,0.966
25.15,obstacle_cat,2.83,0.966
25.21,obstacle_cat,2.83,0.966
25.27,obstacle_cat,2.83,0.966
25.33,obstacle_cat,2.83,0.966
25.38,obstacle_cat,2.83,0.966
25.44,obstacle_cat,2.83,0.966
25.49,obstacle_cat,2.83,0.966
25.55,obstacle_cat,2.83,0.966
25.6,obstacle_cat,2.83,0.966
25.66,obstacle_cat,2.83,0.966
25.72,obstacle_cat,2.83,0.966
25.77,obstacle_cat,2.83,0.966
25.83,obstacle_cat,2.83,0.966
25.89,obstacle_cat,2.83,0.966
25.94,obstacle_cat,2.83,0.966
26.0,obstacle_cat,2.83,0.966
26.05,obstacle_cat,2.83,0.966
26.12,obstacle_cat,2.83,0.966
26.17,obstacle_cat,2.83,0.966
26.23,obstacle_cat,2.83,0.966
26.29,obstacle_cat,2.83,0.966
26.35,obstacle_cat,2.83,0.966
26.4,obstacle_cat,2.83,0.966
26.46,obstacle_cat,2.83,0.966
26.51,obstacle_cat,2.83,0.966
26.57,obstacle_cat,2.83,0.966
26.62,obstacle_cat,2.83,0.966
26.68,obstacle_cat,2.83,0.966
26.74,obstacle_cat,2.83,0.966
26.79,obstacle_cat,2.83,0.966
26.85,obstacle_cat,2.83,0.966
26.9,obstacle_cat,2.83,0.966
26.96,obstacle_cat,2.83,0.966
27.02,obstacle_cat,2.83,0.966
27.07,obstacle_cat,2.83,0.966
27.13,obstacle_cat,2.83,0.966
27.19,obstacle_cat,2.83,0.966
27.24,obstacle_cat,2.83,0.966
27.3,obstacle_cat,2.83,0.966
27.35,obstacle_cat,2.83,0.966
27.42,obstacle_cat,2.83,0.966
27.47,obstacle_cat,2.83,0.966
27.53,obstacle_cat,2.83,0.966
27.58,obstacle_cat,2.83,0.966
27.64,obstacle_cat,2.83,0.966
27.7,obstacle_cat,2.83,0.966
27.76,obstacle_cat,2.83,0.966
27.81,obstacle_cat,2.83,0.966
27.86,obstacle_cat,2.83,0.966
27.92,obstacle_cat,2.83,0.966
27.98,obstacle_cat,2.83,0.966
28.03,obstacle_cat,2.83,0.966
28.09,obstacle_cat,2.83,0.966
28.15,obstacle_cat,2.83,0.966
28.21,obstacle_cat,2.83,0.966
28.27,obstacle_cat,2.83,0.966
28.33,obstacle_cat,2.83,0.966
28.38,obstacle_cat,2.83,0.966
28.44,obstacle_cat,2.83,0.966
28.49,obstacle_cat,2.83,0.966
28.55,obstacle_cat,2.83,0.966
28.61,obstacle_cat,2.83,0.966
28.66,obstacle_cat,2.83,0.966
28.72,obstacle_cat,2.83,0.966
28.78,obstacle_cat,2.83,0.966
28.83,obstacle_cat,2.83,0.966
28.89,obstacle_cat,2.83,0.966
28.95,obstacle_cat,2.83,0.966
29.0,obstacle_cat,2.83,0.966
29.06,obstacle_cat,2.83,0.966
29.12,obstacle_cat,2.83,0.966
29.17,obstacle_cat,2.83,0.966
29.23,obstacle_cat,2.83,0.966
29.29,obstacle_cat,2.83,0.966
29.35,obstacle_cat,2.83,0.966
29.41,obstacle_cat,2.83,0.966
29.46,obstacle_cat,2.83,0.966
29.52,obstacle_cat,2.83,0.966
29.57,obstacle_cat,2.83,0.966
29.63,obstacle_cat,2.83,0.966
29.69,obstacle_cat,2.83,0.966
29.74,obstacle_cat,2.83,0.966
29.79,obstacle_cat,2.83,0.966
29.85,obstacle_cat,2.83,0.966
29.91,obstacle_cat,2.83,0.966
29.97,obstacle_cat,2.83,0.966
30.02,obstacle_cat,2.83,0.966
30.08,obstacle_cat,2.83,0.966
30.13,obstacle_cat,2.83,0.966
30.19,obstacle_cat,2.83,0.966
30.25,obstacle_cat,2.83,0.966
30.31,obstacle_cat,2.83,0.966
30.36,obstacle_cat,2.83,0.966
30.42,obstacle_cat,2.83,0.966
30.48,obstacle_cat,2.83,0.966
30.53,obstacle_cat,2.83,0.966
30.58,obstacle_cat,2.83,0.966
30.64,obstacle_cat,2.83,0.966
30.7,obstacle_cat,2.83,0.966
30.77,obstacle_cat,2.83,0.966
30.82,obstacle_cat,2.83,0.966
30.87,obstacle_cat,2.83,0.966
30.93,obstacle_cat,2.83,0.966
30.99,obstacle_cat,2.83,0.966
31.04,obstacle_cat,2.83,0.966
31.1,obstacle_cat,2.83,0.966
31.15,obstacle_cat,2.83,0.966
31.21,obstacle_cat,2.83,0.966
31.27,obstacle_cat,2.83,0.966
31.33,obstacle_cat,2.83,0.966
31.38,obstacle_cat,2.83,0.966
31.44,obstacle_cat,2.83,0.966
31.5,obstacle_cat,2.83,0.966
31.55,obstacle_cat,2.83,0.966
31.61,obstacle_cat,2.83,0.966
31.66,obstacle_cat,2.83,0.966
31.72,obstacle_cat,2.83,0.966
31.78,obstacle_cat,2.83,0.966
31.83,obstacle_cat,2.83,0.966
31.89,obstacle_cat,2.83,0.966
31.94,obstacle_cat,2.83,0.966
32.0,obstacle_cat,2.83,0.966
32.06,obstacle_cat,2.83,0.966
32.11,obstacle_cat,2.83,0.966
32.17,obstacle_cat,2.83,0.966
32.22,obstacle_cat,2.83,0.966
32.28,obstacle_cat,2.83,0.966
32.34,obstacle_cat,2.83,0.966
32.39,obstacle_cat,2.83,0.966
32.45,obstacle_cat,2.83,0.966
32.51,obstacle_cat,2.83,0.966
32.57,obstacle_cat,2.83,0.966
32.62,obstacle_cat,2.83,0.966
32.68,obstacle_cat,2.83,0.966
32.73,obstacle_cat,2.83,0.966
32.79,obstacle_cat,2.83,0.966
32.84,obstacle_cat,2.83,0.966
32.9,obstacle_cat,2.83,0.966
32.96,obstacle_cat,2.83,0.966
33.01,obstacle_cat,2.83,0.966
33.07,obstacle_cat,2.83,0.966
33.13,obstacle_cat,2.83,0.966
33.18,obstacle_cat,2.83,0.966
33.24,obstacle_cat,2.83,0.966
33.29,obstacle_cat,2.83,0.966
33.35,obstacle_cat,2.83,0.966
33.41,obstacle_cat,2.83,0.966
33.47,obstacle_cat,2.83,0.966
33.52,obstacle_cat,2.83,0.966
33.58,obstacle_cat,2.83,0.966
33.64,obstacle_cat,2.83,0.966
33.69,obstacle_cat,2.83,0.966
33.75,obstacle_cat,2.83,0.966
33.81,obstacle_cat,2.83,0.966
33.87,obstacle_cat,2.83,0.966
33.92,obstacle_cat,2.83,0.966
33.98,obstacle_cat,2.83,0.966
34.03,obstacle_cat,2.83,0.966
34.09,obstacle_cat,2.83,0.966
34.15,obstacle_cat,2.83,0.966
34.2,obstacle_cat,2.83,0.966
34.26,obstacle_cat,2.83,0.966
34.32,obstacle_cat,2.83,0.966
34.37,obstacle_cat,2.83,0.966
34.43,obstacle_cat,2.83,0.966
34.48,obstacle_cat,2.83,0.966
34.54,obstacle_cat,2.83,0.966
34.59,obstacle_cat,2.83,0.966
34.65,obstacle_cat,2.83,0.966
34.71,obstacle_cat,2.83,0.966
34.77,obstacle_cat,2.83,0.966
34.82,obstacle_cat,2.83,0.966
34.88,obstacle_cat,2.83,0.966
34.94,obstacle_cat,2.83,0.966
34.99,obstacle_cat,2.83,0.966
35.05,obstacle_cat,2.83,0.966
35.11,obstacle_cat,2.83,0.966
35.16,obstacle_cat,2.83,0.966
35.22,obstacle_cat,2.83,0.966
35.28,obstacle_cat,2.83,0.966
35.33,obstacle_cat,2.83,0.966
35.39,obstacle_cat,2.83,0.966
35.45,obstacle_cat,2.83,0.966
35.51,obstacle_cat,2.83,0.966
35.56,obstacle_cat,2.83,0.966
35.62,obstacle_cat,2.83,0.966
35.67,obstacle_cat,2.83,0.966
35.73,obstacle_cat,2.83,0.966
35.79,obstacle_cat,2.83,0.966
35.84,obstacle_cat,2.83,0.966
35.9,obstacle_cat,2.83,0.966
35.96,obstacle_cat,2.83,0.966
36.02,obstacle_cat,2.83,0.966
36.07,obstacle_cat,2.83,0.966
36.13,obstacle_cat,2.83,0.966
36.18,obstacle_cat,2.83,0.966
36.24,obstacle_cat,2.83,0.966
36.3,obstacle_cat,2.83,0.966
36.35,obstacle_cat,2.83,0.966
36.41,obstacle_cat,2.83,0.966
36.47,obstacle_cat,2.83,0.966
36.52,obstacle_cat,2.83,0.966
36.58,obstacle_cat,2.83,0.966
36.64,obstacle_cat,2.83,0.966
36.69,obstacle_cat,2.83,0.966
36.75,obstacle_cat,2.83,0.966
36.8,obstacle_cat,2.83,0.966
36.86,obstacle_cat,2.83,0.966
36.92,obstacle_cat,2.83,0.966
36.98,obstacle_cat,2.83,0.966
37.03,obstacle_cat,2.83,0.966
37.09,obstacle_cat,2.83,0.966
37.15,obstacle_cat,2.83,0.966
37.21,obstacle_cat,2.83,0.966
37.26,obstacle_cat,2.83,0.966
37.32,obstacle_cat,2.83,0.966
37.37,obstacle_cat,2.83,0.966
37.43,obstacle_cat,2.83,0.966
37.48,obstacle_cat,2.83,0.966
37.54,obstacle_cat,2.83,0.966
37.6,obstacle_cat,2.83,0.966
37.65,obstacle_cat,2.83,0.966
37.71,obstacle_cat,2.83,0.966
37.77,obstacle_cat,2.83,0.966
37.82,obstacle_cat,2.83,0.966
37.87,obstacle_cat,2.83,0.966
37.93,obstacle_cat,2.83,0.966
37.99,obstacle_cat,2.83,0.966
38.05,obstacle_cat,2.83,0.966
38.1,obstacle_cat,2.83,0.966
38.16,obstacle_cat,2.83,0.966
38.21,obstacle_cat,2.83,0.966
38.27,obstacle_cat,2.83,0.966
38.32,obstacle_cat,2.83,0.966
38.38,obstacle_cat,2.83,0.966
38.44,obstacle_cat,2.83,0.966
38.5,obstacle_cat,2.83,0.966
38.55,obstacle_cat,2.83,0.966
38.61,obstacle_cat,2.83,0.966
38.66,obstacle_cat,2.83,0.966
38.72,obstacle_cat,2.83,0.966
38.77,obstacle_cat,2.83,0.966
38.83,obstacle_cat,2.83,0.966
38.88,obstacle_cat,2.83,0.966
38.94,obstacle_cat,2.83,0.966
39.0,obstacle_cat,2.83,0.966
39.05,obstacle_cat,2.83,0.966
39.11,obstacle_cat,2.83,0.966
39.16,obstacle_cat,2.83,0.966
39.22,obstacle_cat,2.83,0.966
39.28,obstacle_cat,2.83,0.966
39.34,obstacle_cat,2.83,0.966
39.39,obstacle_cat,2.83,0.966
39.45,obstacle_cat,2.83,0.966
39.5,obstacle_cat,2.83,0.966
39.56,obstacle_cat,2.83,0.966
39.62,obstacle_cat,2.83,0.966
39.68,obstacle_cat,2.83,0.966
39.73,obstacle_cat,2.83,0.966
39.79,obstacle_cat,2.83,0.966
39.85,obstacle_cat,2.83,0.966
39.9,obstacle_cat,2.83,0.966
39.96,obstacle_cat,2.83,0.966
40.01,obstacle_cat,2.83,0.966
40.07,obstacle_cat,2.83,0.966
40.13,obstacle_cat,2.83,0.966
40.18,obstacle_cat,2.83,0.966
40.24,obstacle_cat,2.83,0.966
40.29,obstacle_cat,2.83,0.966
40.35,obstacle_cat,2.83,0.966
40.41,obstacle_cat,2.83,0.966
40.47,obstacle_cat,2.83,0.966
40.53,obstacle_cat,2.83,0.966
40.59,obstacle_cat,2.83,0.966
40.64,obstacle_cat,2.83,0.966
40.7,obstacle_cat,2.83,0.966
40.75,obstacle_cat,2.83,0.966
40.81,obstacle_cat,2.83,0.966
40.86,obstacle_cat,2.83,0.966
40.92,obstacle_cat,2.83,0.966
40.98,obstacle_cat,2.83,0.966
41.04,obstacle_cat,2.83,0.966
41.09,obstacle_cat,2.83,0.966
41.15,obstacle_cat,2.83,0.966
41.21,obstacle_cat,2.83,0.966
41.26,obstacle_cat,2.83,0.966
41.32,obstacle_cat,2.83,0.966
41.38,obstacle_cat,2.83,0.966
41.44,obstacle_cat,2.83,0.966
41.49,obstacle_cat,2.83,0.966
41.55,obstacle_cat,2.83,0.966
41.6,obstacle_cat,2.83,0.966
41.66,obstacle_cat,2.83,0.966
41.72,obstacle_cat,2.83,0.966
41.77,obstacle_cat,2.83,0.966
41.83,obstacle_cat,2.83,0.966
41.88,obstacle_cat,2.83,0.966
41.94,obstacle_cat,2.83,0.966
42.0,obstacle_cat,2.83,0.966
42.05,obstacle_cat,2.83,0.966
42.11,obstacle_cat,2.83,0.966
42.16,obstacle_cat,2.83,0.966
42.22,obstacle_cat,2.83,0.966
42.27,obstacle_cat,2.83,0.966
42.33,obstacle_cat,2.83,0.966
42.39,obstacle_cat,2.83,0.966
42.45,obstacle_cat,2.83,0.966
42.51,obstacle_cat,2.83,0.966
42.56,obstacle_cat,2.83,0.966
42.62,obstacle_cat,2.83,0.966
42.67,obstacle_cat,2.83,0.966
42.73,obstacle_cat,2.83,0.966
42.78,obstacle_cat,2.83,0.966
42.84,obstacle_cat,2.83,0.966
42.9,obstacle_cat,2.83,0.966
42.95,obstacle_cat,2.83,0.966
43.01,obstacle_cat,2.83,0.966
43.07,obstacle_cat,2.83,0.966
43.12,obstacle_cat,2.83,0.966
43.18,obstacle_cat,2.83,0.966
43.24,obstacle_cat,2.83,0.966
43.29,obstacle_cat,2.83,0.966
0.0,obstacle_human_1,4.253,0.243
0.06,obstacle_human_1,4.253,0.243
0.11,obstacle_human_1,4.253,0.243
0.17,obstacle_human_1,4.253,0.243
0.23,obstacle_human_1,4.253,0.243
0.28,obstacle_human_1,4.253,0.243
0.34,obstacle_human_1,4.253,0.243
0.4,obstacle_human_1,4.253,0.243
0.45,obstacle_human_1,4.253,0.243
0.51,obstacle_human_1,4.253,0.243
0.57,obstacle_human_1,4.253,0.243
0.63,obstacle_human_1,4.253,0.243
0.68,obstacle_human_1,4.253,0.243
0.74,obstacle_human_1,4.253,0.243
0.8,obstacle_human_1,4.253,0.243
0.85,obstacle_human_1,4.253,0.243
0.91,obstacle_human_1,4.253,0.243
0.97,obstacle_human_1,4.253,0.243
1.03,obstacle_human_1,4.253,0.243
1.09,obstacle_human_1,4.253,0.243
1.14,obstacle_human_1,4.253,0.243
1.2,obstacle_human_1,4.253,0.243
1.25,obstacle_human_1,4.253,0.243
1.31,obstacle_human_1,4.253,0.243
1.36,obstacle_human_1,4.253,0.243
1.42,obstacle_human_1,4.253,0.243
1.47,obstacle_human_1,4.253,0.243
1.54,obstacle_human_1,4.253,0.243
1.59,obstacle_human_1,4.253,0.243
1.65,obstacle_human_1,4.253,0.243
1.7,obstacle_human_1,4.253,0.243
1.76,obstacle_human_1,4.253,0.243
1.82,obstacle_human_1,4.253,0.243
1.87,obstacle_human_1,4.253,0.243
1.93,obstacle_human_1,4.253,0.243
1.99,obstacle_human_1,4.253,0.243
2.05,obstacle_human_1,4.253,0.243
2.1,obstacle_human_1,4.253,0.243
2.16,obstacle_human_1,4.253,0.243
2.21,obstacle_human_1,4.253,0.243
2.27,obstacle_human_1,4.253,0.243
2.33,obstacle_human_1,4.253,0.243
2.38,obstacle_human_1,4.253,0.243
2.44,obstacle_human_1,4.253,0.243
2.49,obstacle_human_1,4.253,0.243
2.55,obstacle_human_1,4.253,0.243
2.6,obstacle_human_1,4.253,0.243
2.66,obstacle_human_1,4.253,0.243
2.72,obstacle_human_1,4.253,0.243
2.77,obstacle_human_1,4.253,0.243
2.83,obstacle_human_1,4.253,0.243
2.89,obstacle_human_1,4.253,0.243
2.95,obstacle_human_1,4.253,0.243
3.01,obstacle_human_1,4.253,0.243
3.06,obstacle_human_1,4.253,0.243
3.12,obstacle_human_1,4.253,0.243
3.18,obstacle_human_1,4.253,0.243
3.23,obstacle_human_1,4.253,0.243
3.29,obstacle_human_1,4.253,0.243
3.34,obstacle_human_1,4.253,0.243
3.4,obstacle_human_1,4.253,0.243
3.46,obstacle_human_1,4.253,0.243
3.51,obstacle_human_1,4.253,0.243
3.57,obstacle_human_1,4.253,0.243
3.63,obstacle_human_1,4.253,0.243
3.68,obstacle_human_1,4.253,0.243
3.74,obstacle_human_1,4.253,0.243
3.79,obstacle_human_1,4.253,0.243
3.85,obstacle_human_1,4.253,0.243
3.91,obstacle_human_1,4.253,0.243
3.96,obstacle_human_1,4.253,0.243
4.02,obstacle_human_1,4.253,0.243
4.08,obstacle_human_1,4.253,0.243
4.13,obstacle_human_1,4.253,0.243
4.19,obstacle_human_1,4.253,0.243
4.24,obstacle_human_1,4.253,0.243
4.3,obstacle_human_1,4.253,0.243
4.36,obstacle_human_1,4.253,0.243
4.41,obstacle_human_1,4.253,0.243
4.47,obstacle_human_1,4.253,0.243
4.52,obstacle_human_1,4.253,0.243
4.58,obstacle_human_1,4.253,0.243
4.64,obstacle_human_1,4.253,0.243
4.69,obstacle_human_1,4.253,0.243
4.75,obstacle_human_1,4.253,0.243
4.81,obstacle_human_1,4.253,0.243
4.87,obstacle_human_1,4.253,0.243
4.92,obstacle_human_1,4.253,0.243
4.98,obstacle_human_1,4.253,0.243
5.03,obstacle_human_1,4.253,0.243
5.09,obstacle_human_1,4.253,0.243
5.15,obstacle_human_1,4.253,0.243
5.21,obstacle_human_1,4.253,0.243
5.26,obstacle_human_1,4.253,0.243
5.32,obstacle_human_1,4.253,0.243
5.38,obstacle_human_1,4.253,0.243
5.43,obstacle_human_1,4.253,0.243
5.49,obstacle_human_1,4.253,0.243
5.54,obstacle_human_1,4.253,0.243
5.6,obstacle_human_1,4.253,0.243
5.66,obstacle_human_1,4.253,0.243
5.71,obstacle_human_1,4.253,0.243
5.77,obstacle_human_1,4.253,0.243
5.82,obstacle_human_1,4.253,0.243
5.88,obstacle_human_1,4.253,0.243
5.94,obstacle_human_1,4.253,0.243
5.99,obstacle_human_1,4.253,0.243
6.05,obstacle_human_1,4.253,0.243
6.11,obstacle_human_1,4.253,0.243
6.16,obstacle_human_1,4.253,0.243
6.22,obstacle_human_1,4.253,0.243
6.28,obstacle_human_1,4.253,0.243
6.34,obstacle_human_1,4.253,0.243
6.39,obstacle_human_1,4.253,0.243
6.45,obstacle_human_1,4.253,0.243
6.51,obstacle_human_1,4.253,0.243
6.56,obstacle_human_1,4.253,0.243
6.62,obstacle_human_1,4.253,0.243
6.68,obstacle_human_1,4.253,0.243
6.73,obstacle_human_1,4.253,0.243
6.79,obstacle_human_1,4.253,0.243
6.85,obstacle_human_1,4.253,0.243
6.91,obstacle_human_1,4.253,0.243
6.96,obstacle_human_1,4.253,0.243
7.02,obstacle_human_1,4.253,0.243
7.07,obstacle_human_1,4.253,0.243
7.13,obstacle_human_1,4.253,0.243
7.18,obstacle_human_1,4.253,0.243
7.24,obstacle_human_1,4.253,0.243
7.3,obstacle_human_1,4.253,0.243
7.35,obstacle_human_1,4.253,0.243
7.41,obstacle_human_1,4.253,0.243
7.46,obstacle_human_1,4.253,0.243
7.52,obstacle_human_1,4.253,0.243
7.58,obstacle_human_1,4.253,0.243
7.64,obstacle_human_1,4.253,0.243
7.69,obstacle_human_1,4.253,0.243
7.75,obstacle_human_1,4.253,0.243
7.8,obstacle_human_1,4.253,0.243
7.86,obstacle_human_1,4.253,0.243
7.92,obstacle_human_1,4.253,0.243
7.97,obstacle_human_1,4.253,0.243
8.02,obstacle_human_1,4.253,0.243
8.08,obstacle_human_1,4.253,0.243
8.14,obstacle_human_1,4.253,0.243
8.19,obstacle_human_1,4.253,0.243
8.25,obstacle_human_1,4.253,0.243
8.3,obstacle_human_1,4.253,0.243
8.36,obstacle_human_1,4.253,0.243
8.41,obstacle_human_1,4.253,0.243
8.47,obstacle_human_1,4.253,0.243
8.52,obstacle_human_1,4.253,0.243
8.58,obstacle_human_1,4.253,0.243
8.63,obstacle_human_1,4.253,0.243
8.69,obstacle_human_1,4.253,0.243
8.75,obstacle_human_1,4.253,0.243
8.81,obstacle_human_1,4.253,0.243
8.86,obstacle_human_1,4.253,0.243
8.92,obstacle_human_1,4.253,0.243
8.97,obstacle_human_1,4.253,0.243
9.03,obstacle_human_1,4.253,0.243
9.08,obstacle_human_1,4.253,0.243
9.14,obstacle_human_1,4.253,0.243
9.2,obstacle_human_1,4.253,0.243
9.25,obstacle_human_1,4.253,0.243
9.31,obstacle_human_1,4.253,0.243
9.37,obstacle_human_1,4.253,0.243
9.42,obstacle_human_1,4.253,0.243
9.48,obstacle_human_1,4.253,0.243
9.53,obstacle_human_1,4.253,0.243
9.59,obstacle_human_1,4.253,0.243
9.64,obstacle_human_1,4.253,0.243
9.7,obstacle_human_1,4.253,0.243
9.75,obstacle_human_1,4.253,0.243
9.81,obstacle_human_1,4.253,0.243
9.86,obstacle_human_1,4.253,0.243
9.93,obstacle_human_1,4.253,0.243
9.98,obstacle_human_1,4.253,0.243
10.04,obstacle_human_1,4.253,0.243
10.1,obstacle_human_1,4.253,0.243
10.15,obstacle_human_1,4.253,0.243
10.21,obstacle_human_1,4.253,0.243
10.27,obstacle_human_1,4.253,0.243
10.32,obstacle_human_1,4.253,0.243
10.38,obstacle_human_1,4.253,0.243
10.44,obstacle_human_1,4.253,0.243
10.49,obstacle_human_1,4.253,0.243
10.55,obstacle_human_1,4.253,0.243
10.6,obstacle_human_1,4.253,0.243
10.66,obstacle_human_1,4.253,0.243
10.72,obstacle_human_1,4.253,0.243
10.77,obstacle_human_1,4.253,0.243
10.83,obstacle_human_1,4.253,0.243
10.89,obstacle_human_1,4.253,0.243
10.94,obstacle_human_1,4.253,0.243
11.0,obstacle_human_1,4.253,0.243
11.05,obstacle_human_1,4.253,0.243
11.11,obstacle_human_1,4.253,0.243
11.17,obstacle_human_1,4.253,0.243
11.23,obstacle_human_1,4.253,0.243
11.28,obstacle_human_1,4.253,0.243
11.34,obstacle_human_1,4.253,0.243
11.4,obstacle_human_1,4.253,0.243
11.45,obstacle_human_1,4.253,0.243
11.51,obstacle_human_1,4.253,0.243
11.57,obstacle_human_1,4.253,0.243
11.62,obstacle_human_1,4.253,0.243
11.68,obstacle_human_1,4.253,0.243
11.74,obstacle_human_1,4.253,0.243
11.79,obstacle_human_1,4.253,0.243
11.85,obstacle_human_1,4.253,0.243
11.9,obstacle_human_1,4.253,0.243
11.96,obstacle_human_1,4.253,0.243
12.01,obstacle_human_1,4.253,0.243
12.07,obstacle_human_1,4.253,0.243
12.13,obstacle_human_1,4.253,0.243
12.18,obstacle_human_1,4.253,0.243
12.24,obstacle_human_1,4.253,0.243
12.3,obstacle_human_1,4.253,0.243
12.36,obstacle_human_1,4.253,0.243
12.42,obstacle_human_1,4.253,0.243
12.47,obstacle_human_1,4.253,0.243
12.53,obstacle_human_1,4.253,0.243
12.58,obstacle_human_1,4.253,0.243
12.64,obstacle_human_1,4.253,0.243
12.7,obstacle_human_1,4.253,0.243
12.76,obstacle_human_1,4.253,0.243
12.81,obstacle_human_1,4.253,0.243
12.87,obstacle_human_1,4.253,0.243
12.93,obstacle_human_1,4.253,0.243
12.99,obstacle_human_1,4.253,0.243
13.04,obstacle_human_1,4.253,0.243
13.1,obstacle_human_1,4.253,0.243
13.15,obstacle_human_1,4.253,0.243
13.21,obstacle_human_1,4.253,0.243
13.26,obstacle_human_1,4.253,0.243
13.32,obstacle_human_1,4.253,0.243
13.37,obstacle_human_1,4.253,0.243
13.43,obstacle_human_1,4.253,0.243
13.49,obstacle_human_1,4.253,0.243
13.54,obstacle_human_1,4.253,0.243
13.6,obstacle_human_1,4.253,0.243
13.66,obstacle_human_1,4.253,0.243
13.72,obstacle_human_1,4.253,0.243
13.77,obstacle_human_1,4.253,0.243
13.83,obstacle_human_1,4.253,0.243
13.88,obstacle_human_1,4.253,0.243
13.94,obstacle_human_1,4.253,0.243
13.99,obstacle_human_1,4.253,0.243
14.05,obstacle_human_1,4.253,0.243
14.11,obstacle_human_1,4.253,0.243
14.16,obstacle_human_1,4.253,0.243
14.22,obstacle_human_1,4.253,0.243
14.27,obstacle_human_1,4.253,0.243
14.33,obstacle_human_1,4.253,0.243
14.38,obstacle_human_1,4.253,0.243
14.44,obstacle_human_1,4.253,0.243
14.5,obstacle_human_1,4.253,0.243
14.56,obstacle_human_1,4.253,0.243
14.61,obstacle_human_1,4.253,0.243
14.67,obstacle_human_1,4.253,0.243
14.72,obstacle_human_1,4.253,0.243
14.78,obstacle_human_1,4.253,0.243
14.84,obstacle_human_1,4.253,0.243
14.89,obstacle_human_1,4.253,0.243
14.95,obstacle_human_1,4.253,0.243
15.0,obstacle_human_1,4.253,0.243
15.06,obstacle_human_1,4.253,0.243
15.12,obstacle_human_1,4.253,0.243
15.18,obstacle_human_1,4.253,0.243
15.23,obstacle_human_1,4.253,0.243
15.29,obstacle_human_1,4.253,0.243
15.34,obstacle_human_1,4.253,0.243
15.4,obstacle_human_1,4.253,0.243
15.46,obstacle_human_1,4.253,0.243
15.51,obstacle_human_1,4.253,0.243
15.57,obstacle_human_1,4.253,0.243
15.63,obstacle_human_1,4.253,0.243
15.68,obstacle_human_1,4.253,0.243
15.74,obstacle_human_1,4.253,0.243
15.8,obstacle_human_1,4.253,0.243
15.86,obstacle_human_1,4.253,0.243
15.91,obstacle_human_1,4.253,0.243
15.97,obstacle_human_1,4.253,0.243
16.02,obstacle_human_1,4.253,0.243
16.08,obstacle_human_1,4.253,0.243
16.14,obstacle_human_1,4.253,0.243
16.2,obstacle_human_1,4.253,0.243
16.25,obstacle_human_1,4.253,0.243
16.31,obstacle_human_1,4.253,0.243
16.37,obstacle_human_1,4.253,0.243
16.42,obstacle_human_1,4.253,0.243
16.48,obstacle_human_1,4.253,0.243
16.54,obstacle_human_1,4.253,0.243
16.6,obstacle_human_1,4.253,0.243
16.65,obstacle_human_1,4.253,0.243
16.71,obstacle_human_1,4.253,0.243
16.76,obstacle_human_1,4.253,0.243
16.82,obstacle_human_1,4.253,0.243
16.89,obstacle_human_1,4.253,0.243
16.94,obstacle_human_1,4.253,0.243
17.0,obstacle_human_1,4.253,0.243
17.05,obstacle_human_1,4.253,0.243
17.11,obstacle_human_1,4.253,0.243
17.17,obstacle_human_1,4.253,0.243
17.23,obstacle_human_1,4.253,0.243
17.29,obstacle_human_1,4.253,0.243
17.34,obstacle_human_1,4.253,0.243
17.4,obstacle_human_1,4.253,0.243
17.46,obstacle_human_1,4.253,0.243
17.52,obstacle_human_1,4.253,0.243
17.57,obstacle_human_1,4.253,0.243
17.63,obstacle_human_1,4.253,0.243
17.68,obstacle_human_1,4.253,0.243
17.74,obstacle_human_1,4.253,0.243
17.8,obstacle_human_1,4.253,0.243
17.85,obstacle_human_1,4.253,0.243
17.91,obstacle_human_1,4.253,0.243
17.96,obstacle_human_1,4.253,0.243
18.02,obstacle_human_1,4.253,0.243
18.08,obstacle_human_1,4.253,0.243
18.14,obstacle_human_1,4.253,0.243
18.19,obstacle_human_1,4.253,0.243
18.25,obstacle_human_1,4.253,0.243
18.3,obstacle_human_1,4.253,0.243
18.36,obstacle_human_1,4.253,0.243
18.42,obstacle_human_1,4.253,0.243
18.47,obstacle_human_1,4.253,0.243
18.53,obstacle_human_1,4.253,0.243
18.58,obstacle_human_1,4.253,0.243
18.64,obstacle_human_1,4.253,0.243
18.7,obstacle_human_1,4.253,0.243
18.75,obstacle_human_1,4.253,0.243
18.81,obstacle_human_1,4.253,0.243
18.87,obstacle_human_1,4.253,0.243
18.92,obstacle_human_1,4.253,0.243
18.98,obstacle_human_1,4.253,0.243
19.04,obstacle_human_1,4.253,0.243
19.1,obstacle_human_1,4.253,0.243
19.15,obstacle_human_1,4.253,0.243
19.21,obstacle_human_1,4.253,0.243
19.27,obstacle_human_1,4.253,0.243
19.32,obstacle_human_1,4.253,0.243
19.38,obstacle_human_1,4.253,0.243
19.43,obstacle_human_1,4.253,0.243
19.49,obstacle_human_1,4.253,0.243
19.54,obstacle_human_1,4.253,0.243
19.6,obstacle_human_1,4.253,0.243
19.66,obstacle_human_1,4.253,0.243
19.72,obstacle_human_1,4.253,0.243
19.77,obstacle_human_1,4.253,0.243
19.82,obstacle_human_1,4.253,0.243
19.88,obstacle_human_1,4.253,0.243
19.94,obstacle_human_1,4.253,0.243
19.99,obstacle_human_1,4.253,0.243
20.05,obstacle_human_1,4.253,0.243
20.1,obstacle_human_1,4.253,0.243
20.16,obstacle_human_1,4.253,0.243
20.22,obstacle_human_1,4.253,0.243
20.28,obstacle_human_1,4.253,0.243
20.33,obstacle_human_1,4.253,0.243
20.39,obstacle_human_1,4.253,0.243
20.45,obstacle_human_1,4.253,0.243
20.51,obstacle_human_1,4.253,0.243
20.57,obstacle_human_1,4.253,0.243
20.62,obstacle_human_1,4.253,0.243
20.68,obstacle_human_1,4.253,0.243
20.74,obstacle_human_1,4.253,0.243
20.79,obstacle_human_1,4.253,0.243
20.85,obstacle_human_1,4.253,0.243
20.91,obstacle_human_1,4.253,0.243
20.96,obstacle_human_1,4.253,0.243
21.02,obstacle_human_1,4.253,0.243
21.08,obstacle_human_1,4.253,0.243
21.13,obstacle_human_1,4.253,0.243
21.19,obstacle_human_1,4.253,0.243
21.25,obstacle_human_1,4.253,0.243
21.3,obstacle_human_1,4.253,0.243
21.36,obstacle_human_1,4.253,0.243
21.41,obstacle_human_1,4.253,0.243
21.47,obstacle_human_1,4.253,0.243
21.53,obstacle_human_1,4.253,0.243
21.58,obstacle_human_1,4.253,0.243
21.64,obstacle_human_1,4.253,0.243
21.7,obstacle_human_1,4.253,0.243
21.76,obstacle_human_1,4.253,0.243
21.81,obstacle_human_1,4.253,0.243
21.86,obstacle_human_1,4.253,0.243
21.92,obstacle_human_1,4.253,0.243
21.98,obstacle_human_1,4.253,0.243
22.04,obstacle_human_1,4.253,0.243
22.09,obstacle_human_1,4.253,0.243
22.15,obstacle_human_1,4.253,0.243
22.21,obstacle_human_1,4.253,0.243
22.26,obstacle_human_1,4.253,0.243
22.32,obstacle_human_1,4.253,0.243
22.37,obstacle_human_1,4.253,0.243
22.43,obstacle_human_1,4.253,0.243
22.48,obstacle_human_1,4.253,0.243
22.54,obstacle_human_1,4.253,0.243
22.6,obstacle_human_1,4.253,0.243
22.66,obstacle_human_1,4.253,0.243
22.71,obstacle_human_1,4.253,0.243
22.77,obstacle_human_1,4.253,0.243
22.82,obstacle_human_1,4.253,0.243
22.88,obstacle_human_1,4.253,0.243
22.94,obstacle_human_1,4.253,0.243
23.0,obstacle_human_1,4.253,0.243
23.05,obstacle_human_1,4.253,0.243
23.11,obstacle_human_1,4.253,0.243
23.17,obstacle_human_1,4.253,0.243
23.22,obstacle_human_1,4.253,0.243
23.28,obstacle_human_1,4.253,0.243
23.33,obstacle_human_1,4.253,0.243
23.39,obstacle_human_1,4.253,0.243
23.45,obstacle_human_1,4.253,0.243
23.5,obstacle_human_1,4.253,0.243
23.57,obstacle_human_1,4.253,0.243
23.62,obstacle_human_1,4.253,0.243
23.67,obstacle_human_1,4.253,0.243
23.73,obstacle_human_1,4.253,0.243
23.79,obstacle_human_1,4.253,0.243
23.85,obstacle_human_1,4.253,0.243
23.9,obstacle_human_1,4.253,0.243
23.96,obstacle_human_1,4.253,0.243
24.01,obstacle_human_1,4.253,0.243
24.07,obstacle_human_1,4.253,0.243
24.13,obstacle_human_1,4.253,0.243
24.18,obstacle_human_1,4.253,0.243
24.24,obstacle_human_1,4.253,0.243
24.3,obstacle_human_1,4.253,0.243
24.35,obstacle_human_1,4.253,0.243
24.41,obstacle_human_1,4.253,0.243
24.47,obstacle_human_1,4.253,0.243
24.53,obstacle_human_1,4.253,0.243
24.58,obstacle_human_1,4.253,0.243
24.64,obstacle_human_1,4.253,0.243
24.69,obstacle_human_1,4.253,0.243
24.75,obstacle_human_1,4.253,0.243
24.81,obstacle_human_1,4.253,0.243
24.86,obstacle_human_1,4.253,0.243
24.92,obstacle_human_1,4.253,0.243
24.97,obstacle_human_1,4.253,0.243
25.04,obstacle_human_1,4.253,0.243
25.09,obstacle_human_1,4.253,0.243
25.15,obstacle_human_1,4.253,0.243
25.21,obstacle_human_1,4.253,0.243
25.27,obstacle_human_1,4.253,0.243
25.33,obstacle_human_1,4.253,0.243
25.38,obstacle_human_1,4.253,0.243
25.44,obstacle_human_1,4.253,0.243
25.49,obstacle_human_1,4.253,0.243
25.55,obstacle_human_1,4.253,0.243
25.6,obstacle_human_1,4.253,0.243
25.66,obstacle_human_1,4.253,0.243
25.72,obstacle_human_1,4.253,0.243
25.77,obstacle_human_1,4.253,0.243
25.83,obstacle_human_1,4.253,0.243
25.89,obstacle_human_1,4.253,0.243
25.94,obstacle_human_1,4.253,0.243
26.0,obstacle_human_1,4.253,0.243
26.05,obstacle_human_1,4.253,0.243
26.12,obstacle_human_1,4.253,0.243
26.17,obstacle_human_1,4.253,0.243
26.23,obstacle_human_1,4.253,0.243
26.29,obstacle_human_1,4.253,0.243
26.35,obstacle_human_1,4.253,0.243
26.4,obstacle_human_1,4.253,0.243
26.46,obstacle_human_1,4.253,0.243
26.51,obstacle_human_1,4.253,0.243
26.57,obstacle_human_1,4.253,0.243
26.62,obstacle_human_1,4.253,0.243
26.68,obstacle_human_1,4.253,0.243
26.74,obstacle_human_1,4.253,0.243
26.79,obstacle_human_1,4.253,0.243
26.85,obstacle_human_1,4.253,0.243
26.9,obstacle_human_1,4.253,0.243
26.96,obstacle_human_1,4.253,0.243
27.02,obstacle_human_1,4.253,0.243
27.07,obstacle_human_1,4.253,0.243
27.13,obstacle_human_1,4.253,0.243
27.19,obstacle_human_1,4.253,0.243
27.24,obstacle_human_1,4.253,0.243
27.3,obstacle_human_1,4.253,0.243
27.35,obstacle_human_1,4.253,0.243
27.42,obstacle_human_1,4.253,0.243
27.47,obstacle_human_1,4.253,0.243
27.53,obstacle_human_1,4.253,0.243
27.58,obstacle_human_1,4.253,0.243
27.64,obstacle_human_1,4.253,0.243
27.7,obstacle_human_1,4.253,0.243
27.76,obstacle_human_1,4.253,0.243
27.81,obstacle_human_1,4.253,0.243
27.86,obstacle_human_1,4.253,0.243
27.92,obstacle_human_1,4.253,0.243
27.98,obstacle_human_1,4.253,0.243
28.03,obstacle_human_1,4.253,0.243
28.09,obstacle_human_1,4.253,0.243
28.15,obstacle_human_1,4.253,0.243
28.21,obstacle_human_1,4.253,0.243
28.27,obstacle_human_1,4.253,0.243
28.33,obstacle_human_1,4.253,0.243
28.38,obstacle_human_1,4.253,0.243
28.44,obstacle_human_1,4.253,0.243
28.49,obstacle_human_1,4.253,0.243
28.55,obstacle_human_1,4.253,0.243
28.61,obstacle_human_1,4.253,0.243
28.66,obstacle_human_1,4.253,0.243
28.72,obstacle_human_1,4.253,0.243
28.78,obstacle_human_1,4.253,0.243
28.83,obstacle_human_1,4.253,0.243
28.89,obstacle_human_1,4.253,0.243
28.95,obstacle_human_1,4.253,0.243
29.0,obstacle_human_1,4.253,0.243
29.06,obstacle_human_1,4.253,0.243
29.12,obstacle_human_1,4.253,0.243
29.17,obstacle_human_1,4.253,0.243
29.23,obstacle_human_1,4.253,0.243
29.29,obstacle_human_1,4.253,0.243
29.35,obstacle_human_1,4.253,0.243
29.41,obstacle_human_1,4.253,0.243
29.46,obstacle_human_1,4.253,0.243
29.52,obstacle_human_1,4.253,0.243
29.57,obstacle_human_1,4.253,0.243
29.63,obstacle_human_1,4.253,0.243
29.69,obstacle_human_1,4.253,0.243
29.74,obstacle_human_1,4.253,0.243
29.79,obstacle_human_1,4.253,0.243
29.85,obstacle_human_1,4.253,0.243
29.91,obstacle_human_1,4.253,0.243
29.97,obstacle_human_1,4.253,0.243
30.02,obstacle_human_1,4.253,0.243
30.08,obstacle_human_1,4.253,0.243
30.13,obstacle_human_1,4.253,0.243
30.19,obstacle_human_1,4.253,0.243
30.25,obstacle_human_1,4.253,0.243
30.31,obstacle_human_1,4.253,0.243
30.36,obstacle_human_1,4.253,0.243
30.42,obstacle_human_1,4.253,0.243
30.48,obstacle_human_1,4.253,0.243
30.53,obstacle_human_1,4.253,0.243
30.58,obstacle_human_1,4.253,0.243
30.64,obstacle_human_1,4.253,0.243
30.7,obstacle_human_1,4.253,0.243
30.77,obstacle_human_1,4.253,0.243
30.82,obstacle_human_1,4.253,0.243
30.87,obstacle_human_1,4.253,0.243
30.93,obstacle_human_1,4.253,0.243
30.99,obstacle_human_1,4.253,0.243
31.04,obstacle_human_1,4.253,0.243
31.1,obstacle_human_1,4.253,0.243
31.15,obstacle_human_1,4.253,0.243
31.21,obstacle_human_1,4.253,0.243
31.27,obstacle_human_1,4.253,0.243
31.33,obstacle_human_1,4.253,0.243
31.38,obstacle_human_1,4.253,0.243
31.44,obstacle_human_1,4.253,0.243
31.5,obstacle_human_1,4.253,0.243
31.55,obstacle_human_1,4.253,0.243
31.61,obstacle_human_1,4.253,0.243
31.66,obstacle_human_1,4.253,0.243
31.72,obstacle_human_1,4.253,0.243
31.78,obstacle_human_1,4.253,0.243
31.83,obstacle_human_1,4.253,0.243
31.89,obstacle_human_1,4.253,0.243
31.94,obstacle_human_1,4.253,0.243
32.0,obstacle_human_1,4.253,0.243
32.06,obstacle_human_1,4.253,0.243
32.11,obstacle_human_1,4.253,0.243
32.17,obstacle_human_1,4.253,0.243
32.22,obstacle_human_1,4.253,0.243
32.28,obstacle_human_1,4.253,0.243
32.34,obstacle_human_1,4.253,0.243
32.39,obstacle_human_1,4.253,0.243
32.45,obstacle_human_1,4.253,0.243
32.51,obstacle_human_1,4.253,0.243
32.57,obstacle_human_1,4.253,0.243
32.62,obstacle_human_1,4.253,0.243
32.68,obstacle_human_1,4.253,0.243
32.73,obstacle_human_1,4.253,0.243
32.79,obstacle_human_1,4.253,0.243
32.84,obstacle_human_1,4.253,0.243
32.9,obstacle_human_1,4.253,0.243
32.96,obstacle_human_1,4.253,0.243
33.01,obstacle_human_1,4.253,0.243
33.07,obstacle_human_1,4.253,0.243
33.13,obstacle_human_1,4.253,0.243
33.18,obstacle_human_1,4.253,0.243
33.24,obstacle_human_1,4.253,0.243
33.29,obstacle_human_1,4.253,0.243
33.35,obstacle_human_1,4.253,0.243
33.41,obstacle_human_1,4.253,0.243
33.47,obstacle_human_1,4.253,0.243
33.52,obstacle_human_1,4.253,0.243
33.58,obstacle_human_1,4.253,0.243
33.64,obstacle_human_1,4.253,0.243
33.69,obstacle_human_1,4.253,0.243
33.75,obstacle_human_1,4.253,0.243
33.81,obstacle_human_1,4.253,0.243
33.87,obstacle_human_1,4.253,0.243
33.92,obstacle_human_1,4.253,0.243
33.98,obstacle_human_1,4.253,0.243
34.03,obstacle_human_1,4.253,0.243
34.09,obstacle_human_1,4.253,0.243
34.15,obstacle_human_1,4.253,0.243
34.2,obstacle_human_1,4.253,0.243
34.26,obstacle_human_1,4.253,0.243
34.32,obstacle_human_1,4.253,0.243
34.37,obstacle_human_1,4.253,0.243
34.43,obstacle_human_1,4.253,0.243
34.48,obstacle_human_1,4.253,0.243
34.54,obstacle_human_1,4.253,0.243
34.59,obstacle_human_1,4.253,0.243
34.65,obstacle_human_1,4.253,0.243
34.71,obstacle_human_1,4.253,0.243
34.77,obstacle_human_1,4.253,0.243
34.82,obstacle_human_1,4.253,0.243
34.88,obstacle_human_1,4.253,0.243
34.94,obstacle_human_1,4.253,0.243
34.99,obstacle_human_1,4.253,0.243
35.05,obstacle_human_1,4.253,0.243
35.11,obstacle_human_1,4.253,0.243
35.16,obstacle_human_1,4.253,0.243
35.22,obstacle_human_1,4.253,0.243
35.28,obstacle_human_1,4.253,0.243
35.33,obstacle_human_1,4.253,0.243
35.39,obstacle_human_1,4.253,0.243
35.45,obstacle_human_1,4.253,0.243
35.51,obstacle_human_1,4.253,0.243
35.56,obstacle_human_1,4.253,0.243
35.62,obstacle_human_1,4.253,0.243
35.67,obstacle_human_1,4.253,0.243
35.73,obstacle_human_1,4.253,0.243
35.79,obstacle_human_1,4.253,0.243
35.84,obstacle_human_1,4.253,0.243
35.9,obstacle_human_1,4.253,0.243
35.96,obstacle_human_1,4.253,0.243
36.02,obstacle_human_1,4.253,0.243
36.07,obstacle_human_1,4.253,0.243
36.13,obstacle_human_1,4.253,0.243
36.18,obstacle_human_1,4.253,0.243
36.24,obstacle_human_1,4.253,0.243
36.3,obstacle_human_1,4.253,0.243
36.35,obstacle_human_1,4.253,0.243
36.41,obstacle_human_1,4.253,0.243
36.47,obstacle_human_1,4.253,0.243
36.52,obstacle_human_1,4.253,0.243
36.58,obstacle_human_1,4.253,0.243
36.64,obstacle_human_1,4.253,0.243
36.69,obstacle_human_1,4.253,0.243
36.75,obstacle_human_1,4.253,0.243
36.8,obstacle_human_1,4.253,0.243
36.86,obstacle_human_1,4.253,0.243
36.92,obstacle_human_1,4.253,0.243
36.98,obstacle_human_1,4.253,0.243
37.03,obstacle_human_1,4.253,0.243
37.09,obstacle_human_1,4.253,0.243
37.15,obstacle_human_1,4.253,0.243
37.21,obstacle_human_1,4.253,0.243
37.26,obstacle_human_1,4.253,0.243
37.32,obstacle_human_1,4.253,0.243
37.37,obstacle_human_1,4.253,0.243
37.43,obstacle_human_1,4.253,0.243
37.48,obstacle_human_1,4.253,0.243
37.54,obstacle_human_1,4.253,0.243
37.6,obstacle_human_1,4.253,0.243
37.65,obstacle_human_1,4.253,0.243
37.71,obstacle_human_1,4.253,0.243
37.77,obstacle_human_1,4.253,0.243
37.82,obstacle_human_1,4.253,0.243
37.87,obstacle_human_1,4.253,0.243
37.93,obstacle_human_1,4.253,0.243
37.99,obstacle_human_1,4.253,0.243
38.05,obstacle_human_1,4.253,0.243
38.1,obstacle_human_1,4.253,0.243
38.16,obstacle_human_1,4.253,0.243
38.21,obstacle_human_1,4.253,0.243
38.27,obstacle_human_1,4.253,0.243
38.32,obstacle_human_1,4.253,0.243
38.38,obstacle_human_1,4.253,0.243
38.44,obstacle_human_1,4.253,0.243
38.5,obstacle_human_1,4.253,0.243
38.55,obstacle_human_1,4.253,0.243
38.61,obstacle_human_1,4.253,0.243
38.66,obstacle_human_1,4.253,0.243
38.72,obstacle_human_1,4.253,0.243
38.77,obstacle_human_1,4.253,0.243
38.83,obstacle_human_1,4.253,0.243
38.88,obstacle_human_1,4.253,0.243
38.94,obstacle_human_1,4.253,0.243
39.0,obstacle_human_1,4.253,0.243
39.05,obstacle_human_1,4.253,0.243
39.11,obstacle_human_1,4.253,0.243
39.16,obstacle_human_1,4.253,0.243
39.22,obstacle_human_1,4.253,0.243
39.28,obstacle_human_1,4.253,0.243
39.34,obstacle_human_1,4.253,0.243
39.39,obstacle_human_1,4.253,0.243
39.45,obstacle_human_1,4.253,0.243
39.5,obstacle_human_1,4.253,0.243
39.56,obstacle_human_1,4.253,0.243
39.62,obstacle_human_1,4.253,0.243
39.68,obstacle_human_1,4.253,0.243
39.73,obstacle_human_1,4.253,0.243
39.79,obstacle_human_1,4.253,0.243
39.85,obstacle_human_1,4.253,0.243
39.9,obstacle_human_1,4.253,0.243
39.96,obstacle_human_1,4.253,0.243
40.01,obstacle_human_1,4.253,0.243
40.07,obstacle_human_1,4.253,0.243
40.13,obstacle_human_1,4.253,0.243
40.18,obstacle_human_1,4.253,0.243
40.24,obstacle_human_1,4.253,0.243
40.29,obstacle_human_1,4.253,0.243
40.35,obstacle_human_1,4.253,0.243
40.41,obstacle_human_1,4.253,0.243
40.47,obstacle_human_1,4.253,0.243
40.53,obstacle_human_1,4.253,0.243
40.59,obstacle_human_1,4.253,0.243
40.64,obstacle_human_1,4.253,0.243
40.7,obstacle_human_1,4.253,0.243
40.75,obstacle_human_1,4.253,0.243
40.81,obstacle_human_1,4.253,0.243
40.86,obstacle_human_1,4.253,0.243
40.92,obstacle_human_1,4.253,0.243
40.98,obstacle_human_1,4.253,0.243
41.04,obstacle_human_1,4.253,0.243
41.09,obstacle_human_1,4.253,0.243
41.15,obstacle_human_1,4.253,0.243
41.21,obstacle_human_1,4.253,0.243
41.26,obstacle_human_1,4.253,0.243
41.32,obstacle_human_1,4.253,0.243
41.38,obstacle_human_1,4.253,0.243
41.44,obstacle_human_1,4.253,0.243
41.49,obstacle_human_1,4.253,0.243
41.55,obstacle_human_1,4.253,0.243
41.6,obstacle_human_1,4.253,0.243
41.66,obstacle_human_1,4.253,0.243
41.72,obstacle_human_1,4.253,0.243
41.77,obstacle_human_1,4.253,0.243
41.83,obstacle_human_1,4.253,0.243
41.88,obstacle_human_1,4.253,0.243
41.94,obstacle_human_1,4.253,0.243
42.0,obstacle_human_1,4.253,0.243
42.05,obstacle_human_1,4.253,0.243
42.11,obstacle_human_1,4.253,0.243
42.16,obstacle_human_1,4.253,0.243
42.22,obstacle_human_1,4.253,0.243
42.27,obstacle_human_1,4.253,0.243
42.33,obstacle_human_1,4.253,0.243
42.39,obstacle_human_1,4.253,0.243
42.45,obstacle_human_1,4.253,0.243
42.51,obstacle_human_1,4.253,0.243
42.56,obstacle_human_1,4.253,0.243
42.62,obstacle_human_1,4.253,0.243
42.67,obstacle_human_1,4.253,0.243
42.73,obstacle_human_1,4.253,0.243
42.78,obstacle_human_1,4.253,0.243
42.84,obstacle_human_1,4.253,0.243
42.9,obstacle_human_1,4.253,0.243
42.95,obstacle_human_1,4.253,0.243
43.01,obstacle_human_1,4.253,0.243
43.07,obstacle_human_1,4.253,0.243
43.12,obstacle_human_1,4.253,0.243
43.18,obstacle_human_1,4.253,0.243
43.24,obstacle_human_1,4.253,0.243
43.29,obstacle_human_1,4.253,0.243
0.0,obstacle_human_2,6.097,3.763
0.06,obstacle_human_2,6.097,3.763
0.11,obstacle_human_2,6.097,3.763
0.17,obstacle_human_2,6.097,3.763
0.23,obstacle_human_2,6.097,3.763
0.28,obstacle_human_2,6.097,3.763
0.34,obstacle_human_2,6.097,3.763
0.4,obstacle_human_2,6.097,3.763
0.45,obstacle_human_2,6.097,3.763
0.51,obstacle_human_2,6.097,3.763
0.57,obstacle_human_2,6.097,3.763
0.63,obstacle_human_2,6.097,3.763
0.68,obstacle_human_2,6.097,3.763
0.74,obstacle_human_2,6.097,3.763
0.8,obstacle_human_2,6.097,3.763
0.85,obstacle_human_2,6.097,3.763
0.91,obstacle_human_2,6.097,3.763
0.97,obstacle_human_2,6.097,3.763
1.03,obstacle_human_2,6.097,3.763
1.09,obstacle_human_2,6.097,3.763
1.14,obstacle_human_2,6.097,3.763
1.2,obstacle_human_2,6.097,3.763
1.25,obstacle_human_2,6.097,3.763
1.31,obstacle_human_2,6.097,3.763
1.36,obstacle_human_2,6.097,3.763
1.42,obstacle_human_2,6.097,3.763
1.47,obstacle_human_2,6.097,3.763
1.54,obstacle_human_2,6.097,3.763
1.59,obstacle_human_2,6.097,3.763
1.65,obstacle_human_2,6.097,3.763
1.7,obstacle_human_2,6.097,3.763
1.76,obstacle_human_2,6.097,3.763
1.82,obstacle_human_2,6.097,3.763
1.87,obstacle_human_2,6.097,3.763
1.93,obstacle_human_2,6.097,3.763
1.99,obstacle_human_2,6.097,3.763
2.05,obstacle_human_2,6.097,3.763
2.1,obstacle_human_2,6.097,3.763
2.16,obstacle_human_2,6.097,3.763
2.21,obstacle_human_2,6.097,3.763
2.27,obstacle_human_2,6.097,3.763
2.33,obstacle_human_2,6.097,3.763
2.38,obstacle_human_2,6.097,3.763
2.44,obstacle_human_2,6.097,3.763
2.49,obstacle_human_2,6.097,3.763
2.55,obstacle_human_2,6.097,3.763
2.6,obstacle_human_2,6.097,3.763
2.66,obstacle_human_2,6.097,3.763
2.72,obstacle_human_2,6.097,3.763
2.77,obstacle_human_2,6.097,3.763
2.83,obstacle_human_2,6.097,3.763
2.89,obstacle_human_2,6.097,3.763
2.95,obstacle_human_2,6.097,3.763
3.01,obstacle_human_2,6.097,3.763
3.06,obstacle_human_2,6.097,3.763
3.12,obstacle_human_2,6.097,3.763
3.18,obstacle_human_2,6.097,3.763
3.23,obstacle_human_2,6.097,3.763
3.29,obstacle_human_2,6.097,3.763
3.34,obstacle_human_2,6.097,3.763
3.4,obstacle_human_2,6.097,3.763
3.46,obstacle_human_2,6.097,3.763
3.51,obstacle_human_2,6.097,3.763
3.57,obstacle_human_2,6.097,3.763
3.63,obstacle_human_2,6.097,3.763
3.68,obstacle_human_2,6.097,3.763
3.74,obstacle_human_2,6.097,3.763
3.79,obstacle_human_2,6.097,3.763
3.85,obstacle_human_2,6.097,3.763
3.91,obstacle_human_2,6.097,3.763
3.96,obstacle_human_2,6.097,3.763
4.02,obstacle_human_2,6.097,3.763
4.08,obstacle_human_2,6.097,3.763
4.13,obstacle_human_2,6.097,3.763
4.19,obstacle_human_2,6.097,3.763
4.24,obstacle_human_2,6.097,3.763
4.3,obstacle_human_2,6.097,3.763
4.36,obstacle_human_2,6.097,3.763
4.41,obstacle_human_2,6.097,3.763
4.47,obstacle_human_2,6.097,3.763
4.52,obstacle_human_2,6.097,3.763
4.58,obstacle_human_2,6.097,3.763
4.64,obstacle_human_2,6.097,3.763
4.69,obstacle_human_2,6.097,3.763
4.75,obstacle_human_2,6.097,3.763
4.81,obstacle_human_2,6.097,3.763
4.87,obstacle_human_2,6.097,3.763
4.92,obstacle_human_2,6.097,3.763
4.98,obstacle_human_2,6.097,3.763
5.03,obstacle_human_2,6.097,3.763
5.09,obstacle_human_2,6.097,3.763
5.15,obstacle_human_2,6.097,3.763
5.21,obstacle_human_2,6.097,3.763
5.26,obstacle_human_2,6.097,3.763
5.32,obstacle_human_2,6.097,3.763
5.38,obstacle_human_2,6.097,3.763
5.43,obstacle_human_2,6.097,3.763
5.49,obstacle_human_2,6.097,3.763
5.54,obstacle_human_2,6.097,3.763
5.6,obstacle_human_2,6.097,3.763
5.66,obstacle_human_2,6.097,3.763
5.71,obstacle_human_2,6.097,3.763
5.77,obstacle_human_2,6.097,3.763
5.82,obstacle_human_2,6.097,3.763
5.88,obstacle_human_2,6.097,3.763
5.94,obstacle_human_2,6.097,3.763
5.99,obstacle_human_2,6.097,3.763
6.05,obstacle_human_2,6.097,3.763
6.11,obstacle_human_2,6.097,3.763
6.16,obstacle_human_2,6.097,3.763
6.22,obstacle_human_2,6.097,3.763
6.28,obstacle_human_2,6.097,3.763
6.34,obstacle_human_2,6.097,3.763
6.39,obstacle_human_2,6.097,3.763
6.45,obstacle_human_2,6.097,3.763
6.51,obstacle_human_2,6.097,3.763
6.56,obstacle_human_2,6.097,3.763
6.62,obstacle_human_2,6.097,3.763
6.68,obstacle_human_2,6.097,3.763
6.73,obstacle_human_2,6.097,3.763
6.79,obstacle_human_2,6.097,3.763
6.85,obstacle_human_2,6.097,3.763
6.91,obstacle_human_2,6.097,3.763
6.96,obstacle_human_2,6.097,3.763
7.02,obstacle_human_2,6.097,3.763
7.07,obstacle_human_2,6.097,3.763
7.13,obstacle_human_2,6.097,3.763
7.18,obstacle_human_2,6.097,3.763
7.24,obstacle_human_2,6.097,3.763
7.3,obstacle_human_2,6.097,3.763
7.35,obstacle_human_2,6.097,3.763
7.41,obstacle_human_2,6.097,3.763
7.46,obstacle_human_2,6.097,3.763
7.52,obstacle_human_2,6.097,3.763
7.58,obstacle_human_2,6.097,3.763
7.64,obstacle_human_2,6.097,3.763
7.69,obstacle_human_2,6.097,3.763
7.75,obstacle_human_2,6.097,3.763
7.8,obstacle_human_2,6.097,3.763
7.86,obstacle_human_2,6.097,3.763
7.92,obstacle_human_2,6.097,3.763
7.97,obstacle_human_2,6.097,3.763
8.02,obstacle_human_2,6.097,3.763
8.08,obstacle_human_2,6.097,3.763
8.14,obstacle_human_2,6.097,3.763
8.19,obstacle_human_2,6.097,3.763
8.25,obstacle_human_2,6.097,3.763
8.3,obstacle_human_2,6.097,3.763
8.36,obstacle_human_2,6.097,3.763
8.41,obstacle_human_2,6.097,3.763
8.47,obstacle_human_2,6.097,3.763
8.52,obstacle_human_2,6.097,3.763
8.58,obstacle_human_2,6.097,3.763
8.63,obstacle_human_2,6.097,3.763
8.69,obstacle_human_2,6.097,3.763
8.75,obstacle_human_2,6.097,3.763
8.81,obstacle_human_2,6.097,3.763
8.86,obstacle_human_2,6.097,3.763
8.92,obstacle_human_2,6.097,3.763
8.97,obstacle_human_2,6.097,3.763
9.03,obstacle_human_2,6.097,3.763
9.08,obstacle_human_2,6.097,3.763
9.14,obstacle_human_2,6.097,3.763
9.2,obstacle_human_2,6.097,3.763
9.25,obstacle_human_2,6.097,3.763
9.31,obstacle_human_2,6.097,3.763
9.37,obstacle_human_2,6.097,3.763
9.42,obstacle_human_2,6.097,3.763
9.48,obstacle_human_2,6.097,3.763
9.53,obstacle_human_2,6.097,3.763
9.59,obstacle_human_2,6.097,3.763
9.64,obstacle_human_2,6.097,3.763
9.7,obstacle_human_2,6.097,3.763
9.75,obstacle_human_2,6.097,3.763
9.81,obstacle_human_2,6.097,3.763
9.86,obstacle_human_2,6.097,3.763
9.93,obstacle_human_2,6.097,3.763
9.98,obstacle_human_2,6.097,3.763
10.04,obstacle_human_2,6.097,3.763
10.1,obstacle_human_2,6.097,3.763
10.15,obstacle_human_2,6.097,3.763
10.21,obstacle_human_2,6.097,3.763
10.27,obstacle_human_2,6.097,3.763
10.32,obstacle_human_2,6.097,3.763
10.38,obstacle_human_2,6.097,3.763
10.44,obstacle_human_2,6.097,3.763
10.49,obstacle_human_2,6.097,3.763
10.55,obstacle_human_2,6.097,3.763
10.6,obstacle_human_2,6.097,3.763
10.66,obstacle_human_2,6.097,3.763
10.72,obstacle_human_2,6.097,3.763
10.77,obstacle_human_2,6.097,3.763
10.83,obstacle_human_2,6.097,3.763
10.89,obstacle_human_2,6.097,3.763
10.94,obstacle_human_2,6.097,3.763
11.0,obstacle_human_2,6.097,3.763
11.05,obstacle_human_2,6.097,3.763
11.11,obstacle_human_2,6.097,3.763
11.17,obstacle_human_2,6.097,3.763
11.23,obstacle_human_2,6.097,3.763
11.28,obstacle_human_2,6.097,3.763
11.34,obstacle_human_2,6.097,3.763
11.4,obstacle_human_2,6.097,3.763
11.45,obstacle_human_2,6.097,3.763
11.51,obstacle_human_2,6.097,3.763
11.57,obstacle_human_2,6.097,3.763
11.62,obstacle_human_2,6.097,3.763
11.68,obstacle_human_2,6.097,3.763
11.74,obstacle_human_2,6.097,3.763
11.79,obstacle_human_2,6.097,3.763
11.85,obstacle_human_2,6.097,3.763
11.9,obstacle_human_2,6.097,3.763
11.96,obstacle_human_2,6.097,3.763
12.01,obstacle_human_2,6.097,3.763
12.07,obstacle_human_2,6.097,3.763
12.13,obstacle_human_2,6.097,3.763
12.18,obstacle_human_2,6.097,3.763
12.24,obstacle_human_2,6.097,3.763
12.3,obstacle_human_2,6.097,3.763
12.36,obstacle_human_2,6.097,3.763
12.42,obstacle_human_2,6.097,3.763
12.47,obstacle_human_2,6.097,3.763
12.53,obstacle_human_2,6.097,3.763
12.58,obstacle_human_2,6.097,3.763
12.64,obstacle_human_2,6.097,3.763
12.7,obstacle_human_2,6.097,3.763
12.76,obstacle_human_2,6.097,3.763
12.81,obstacle_human_2,6.097,3.763
12.87,obstacle_human_2,6.097,3.763
12.93,obstacle_human_2,6.097,3.763
12.99,obstacle_human_2,6.097,3.763
13.04,obstacle_human_2,6.097,3.763
13.1,obstacle_human_2,6.097,3.763
13.15,obstacle_human_2,6.097,3.763
13.21,obstacle_human_2,6.097,3.763
13.26,obstacle_human_2,6.097,3.763
13.32,obstacle_human_2,6.097,3.763
13.37,obstacle_human_2,6.097,3.763
13.43,obstacle_human_2,6.097,3.763
13.49,obstacle_human_2,6.097,3.763
13.54,obstacle_human_2,6.097,3.763
13.6,obstacle_human_2,6.097,3.763
13.66,obstacle_human_2,6.097,3.763
13.72,obstacle_human_2,6.097,3.763
13.77,obstacle_human_2,6.097,3.763
13.83,obstacle_human_2,6.097,3.763
13.88,obstacle_human_2,6.097,3.763
13.94,obstacle_human_2,6.097,3.763
13.99,obstacle_human_2,6.097,3.763
14.05,obstacle_human_2,6.097,3.763
14.11,obstacle_human_2,6.097,3.763
14.16,obstacle_human_2,6.097,3.763
14.22,obstacle_human_2,6.097,3.763
14.27,obstacle_human_2,6.097,3.763
14.33,obstacle_human_2,6.097,3.763
14.38,obstacle_human_2,6.097,3.763
14.44,obstacle_human_2,6.097,3.763
14.5,obstacle_human_2,6.097,3.763
14.56,obstacle_human_2,6.097,3.763
14.61,obstacle_human_2,6.097,3.763
14.67,obstacle_human_2,6.097,3.763
14.72,obstacle_human_2,6.097,3.763
14.78,obstacle_human_2,6.097,3.763
14.84,obstacle_human_2,6.097,3.763
14.89,obstacle_human_2,6.097,3.763
14.95,obstacle_human_2,6.097,3.763
15.0,obstacle_human_2,6.097,3.763
15.06,obstacle_human_2,6.097,3.763
15.12,obstacle_human_2,6.097,3.763
15.18,obstacle_human_2,6.097,3.763
15.23,obstacle_human_2,6.097,3.763
15.29,obstacle_human_2,6.097,3.763
15.34,obstacle_human_2,6.097,3.763
15.4,obstacle_human_2,6.097,3.763
15.46,obstacle_human_2,6.097,3.763
15.51,obstacle_human_2,6.097,3.763
15.57,obstacle_human_2,6.097,3.763
15.63,obstacle_human_2,6.097,3.763
15.68,obstacle_human_2,6.097,3.763
15.74,obstacle_human_2,6.097,3.763
15.8,obstacle_human_2,6.097,3.763
15.86,obstacle_human_2,6.097,3.763
15.91,obstacle_human_2,6.097,3.763
15.97,obstacle_human_2,6.097,3.763
16.02,obstacle_human_2,6.097,3.763
16.08,obstacle_human_2,6.097,3.763
16.14,obstacle_human_2,6.097,3.763
16.2,obstacle_human_2,6.097,3.763
16.25,obstacle_human_2,6.097,3.763
16.31,obstacle_human_2,6.097,3.763
16.37,obstacle_human_2,6.097,3.763
16.42,obstacle_human_2,6.097,3.763
16.48,obstacle_human_2,6.097,3.763
16.54,obstacle_human_2,6.097,3.763
16.6,obstacle_human_2,6.097,3.763
16.65,obstacle_human_2,6.097,3.763
16.71,obstacle_human_2,6.097,3.763
16.76,obstacle_human_2,6.097,3.763
16.82,obstacle_human_2,6.097,3.763
16.89,obstacle_human_2,6.097,3.763
16.94,obstacle_human_2,6.097,3.763
17.0,obstacle_human_2,6.097,3.763
17.05,obstacle_human_2,6.097,3.763
17.11,obstacle_human_2,6.097,3.763
17.17,obstacle_human_2,6.097,3.763
17.23,obstacle_human_2,6.097,3.763
17.29,obstacle_human_2,6.097,3.763
17.34,obstacle_human_2,6.097,3.763
17.4,obstacle_human_2,6.097,3.763
17.46,obstacle_human_2,6.097,3.763
17.52,obstacle_human_2,6.097,3.763
17.57,obstacle_human_2,6.097,3.763
17.63,obstacle_human_2,6.097,3.763
17.68,obstacle_human_2,6.097,3.763
17.74,obstacle_human_2,6.097,3.763
17.8,obstacle_human_2,6.097,3.763
17.85,obstacle_human_2,6.097,3.763
17.91,obstacle_human_2,6.097,3.763
17.96,obstacle_human_2,6.097,3.763
18.02,obstacle_human_2,6.097,3.763
18.08,obstacle_human_2,6.097,3.763
18.14,obstacle_human_2,6.097,3.763
18.19,obstacle_human_2,6.097,3.763
18.25,obstacle_human_2,6.097,3.763
18.3,obstacle_human_2,6.097,3.763
18.36,obstacle_human_2,6.097,3.763
18.42,obstacle_human_2,6.097,3.763
18.47,obstacle_human_2,6.097,3.763
18.53,obstacle_human_2,6.097,3.763
18.58,obstacle_human_2,6.097,3.763
18.64,obstacle_human_2,6.097,3.763
18.7,obstacle_human_2,6.097,3.763
18.75,obstacle_human_2,6.097,3.763
18.81,obstacle_human_2,6.097,3.763
18.87,obstacle_human_2,6.097,3.763
18.92,obstacle_human_2,6.097,3.763
18.98,obstacle_human_2,6.097,3.763
19.04,obstacle_human_2,6.097,3.763
19.1,obstacle_human_2,6.097,3.763
19.15,obstacle_human_2,6.097,3.763
19.21,obstacle_human_2,6.097,3.763
19.27,obstacle_human_2,6.097,3.763
19.32,obstacle_human_2,6.097,3.763
19.38,obstacle_human_2,6.097,3.763
19.43,obstacle_human_2,6.097,3.763
19.49,obstacle_human_2,6.097,3.763
19.54,obstacle_human_2,6.097,3.763
19.6,obstacle_human_2,6.097,3.763
19.66,obstacle_human_2,6.097,3.763
19.72,obstacle_human_2,6.097,3.763
19.77,obstacle_human_2,6.097,3.763
19.82,obstacle_human_2,6.097,3.763
19.88,obstacle_human_2,6.097,3.763
19.94,obstacle_human_2,6.097,3.763
19.99,obstacle_human_2,6.097,3.763
20.05,obstacle_human_2,6.097,3.763
20.1,obstacle_human_2,6.097,3.763
20.16,obstacle_human_2,6.097,3.763
20.22,obstacle_human_2,6.097,3.763
20.28,obstacle_human_2,6.097,3.763
20.33,obstacle_human_2,6.097,3.763
20.39,obstacle_human_2,6.097,3.763
20.45,obstacle_human_2,6.097,3.763
20.51,obstacle_human_2,6.097,3.763
20.57,obstacle_human_2,6.097,3.763
20.62,obstacle_human_2,6.097,3.763
20.68,obstacle_human_2,6.097,3.763
20.74,obstacle_human_2,6.097,3.763
20.79,obstacle_human_2,6.097,3.763
20.85,obstacle_human_2,6.097,3.763
20.91,obstacle_human_2,6.097,3.763
20.96,obstacle_human_2,6.097,3.763
21.02,obstacle_human_2,6.097,3.763
21.08,obstacle_human_2,6.097,3.763
21.13,obstacle_human_2,6.097,3.763
21.19,obstacle_human_2,6.097,3.763
21.25,obstacle_human_2,6.097,3.763
21.3,obstacle_human_2,6.097,3.763
21.36,obstacle_human_2,6.097,3.763
21.41,obstacle_human_2,6.097,3.763
21.47,obstacle_human_2,6.097,3.763
21.53,obstacle_human_2,6.097,3.763
21.58,obstacle_human_2,6.097,3.763
21.64,obstacle_human_2,6.097,3.763
21.7,obstacle_human_2,6.097,3.763
21.76,obstacle_human_2,6.097,3.763
21.81,obstacle_human_2,6.097,3.763
21.86,obstacle_human_2,6.097,3.763
21.92,obstacle_human_2,6.097,3.763
21.98,obstacle_human_2,6.097,3.763
22.04,obstacle_human_2,6.097,3.763
22.09,obstacle_human_2,6.097,3.763
22.15,obstacle_human_2,6.097,3.763
22.21,obstacle_human_2,6.097,3.763
22.26,obstacle_human_2,6.097,3.763
22.32,obstacle_human_2,6.097,3.763
22.37,obstacle_human_2,6.097,3.763
22.43,obstacle_human_2,6.097,3.763
22.48,obstacle_human_2,6.097,3.763
22.54,obstacle_human_2,6.097,3.763
22.6,obstacle_human_2,6.097,3.763
22.66,obstacle_human_2,6.097,3.763
22.71,obstacle_human_2,6.097,3.763
22.77,obstacle_human_2,6.097,3.763
22.82,obstacle_human_2,6.097,3.763
22.88,obstacle_human_2,6.097,3.763
22.94,obstacle_human_2,6.097,3.763
23.0,obstacle_human_2,6.097,3.763
23.05,obstacle_human_2,6.097,3.763
23.11,obstacle_human_2,6.097,3.763
23.17,obstacle_human_2,6.097,3.763
23.22,obstacle_human_2,6.097,3.763
23.28,obstacle_human_2,6.097,3.763
23.33,obstacle_human_2,6.097,3.763
23.39,obstacle_human_2,6.097,3.763
23.45,obstacle_human_2,6.097,3.763
23.5,obstacle_human_2,6.097,3.763
23.57,obstacle_human_2,6.097,3.763
23.62,obstacle_human_2,6.097,3.763
23.67,obstacle_human_2,6.097,3.763
23.73,obstacle_human_2,6.097,3.763
23.79,obstacle_human_2,6.097,3.763
23.85,obstacle_human_2,6.097,3.763
23.9,obstacle_human_2,6.097,3.763
23.96,obstacle_human_2,6.097,3.763
24.01,obstacle_human_2,6.097,3.763
24.07,obstacle_human_2,6.097,3.763
24.13,obstacle_human_2,6.097,3.763
24.18,obstacle_human_2,6.097,3.763
24.24,obstacle_human_2,6.097,3.763
24.3,obstacle_human_2,6.097,3.763
24.35,obstacle_human_2,6.097,3.763
24.41,obstacle_human_2,6.097,3.763
24.47,obstacle_human_2,6.097,3.763
24.53,obstacle_human_2,6.097,3.763
24.58,obstacle_human_2,6.097,3.763
24.64,obstacle_human_2,6.097,3.763
24.69,obstacle_human_2,6.097,3.763
24.75,obstacle_human_2,6.097,3.763
24.81,obstacle_human_2,6.097,3.763
24.86,obstacle_human_2,6.097,3.763
24.92,obstacle_human_2,6.097,3.763
24.97,obstacle_human_2,6.097,3.763
25.04,obstacle_human_2,6.097,3.763
25.09,obstacle_human_2,6.097,3.763
25.15,obstacle_human_2,6.097,3.763
25.21,obstacle_human_2,6.097,3.763
25.27,obstacle_human_2,6.097,3.763
25.33,obstacle_human_2,6.097,3.763
25.38,obstacle_human_2,6.097,3.763
25.44,obstacle_human_2,6.097,3.763
25.49,obstacle_human_2,6.097,3.763
25.55,obstacle_human_2,6.097,3.763
25.6,obstacle_human_2,6.097,3.763
25.66,obstacle_human_2,6.097,3.763
25.72,obstacle_human_2,6.097,3.763
25.77,obstacle_human_2,6.097,3.763
25.83,obstacle_human_2,6.097,3.763
25.89,obstacle_human_2,6.097,3.763
25.94,obstacle_human_2,6.097,3.763
26.0,obstacle_human_2,6.097,3.763
26.05,obstacle_human_2,6.097,3.763
26.12,obstacle_human_2,6.097,3.763
26.17,obstacle_human_2,6.097,3.763
26.23,obstacle_human_2,6.097,3.763
26.29,obstacle_human_2,6.097,3.763
26.35,obstacle_human_2,6.097,3.763
26.4,obstacle_human_2,6.097,3.763
26.46,obstacle_human_2,6.097,3.763
26.51,obstacle_human_2,6.097,3.763
26.57,obstacle_human_2,6.097,3.763
26.62,obstacle_human_2,6.097,3.763
26.68,obstacle_human_2,6.097,3.763
26.74,obstacle_human_2,6.097,3.763
26.79,obstacle_human_2,6.097,3.763
26.85,obstacle_human_2,6.097,3.763
26.9,obstacle_human_2,6.097,3.763
26.96,obstacle_human_2,6.097,3.763
27.02,obstacle_human_2,6.097,3.763
27.07,obstacle_human_2,6.097,3.763
27.13,obstacle_human_2,6.097,3.763
27.19,obstacle_human_2,6.097,3.763
27.24,obstacle_human_2,6.097,3.763
27.3,obstacle_human_2,6.097,3.763
27.35,obstacle_human_2,6.097,3.763
27.42,obstacle_human_2,6.097,3.763
27.47,obstacle_human_2,6.097,3.763
27.53,obstacle_human_2,6.097,3.763
27.58,obstacle_human_2,6.097,3.763
27.64,obstacle_human_2,6.097,3.763
27.7,obstacle_human_2,6.097,3.763
27.76,obstacle_human_2,6.097,3.763
27.81,obstacle_human_2,6.097,3.763
27.86,obstacle_human_2,6.097,3.763
27.92,obstacle_human_2,6.097,3.763
27.98,obstacle_human_2,6.097,3.763
28.03,obstacle_human_2,6.097,3.763
28.09,obstacle_human_2,6.097,3.763
28.15,obstacle_human_2,6.097,3.763
28.21,obstacle_human_2,6.097,3.763
28.27,obstacle_human_2,6.097,3.763
28.33,obstacle_human_2,6.097,3.763
28.38,obstacle_human_2,6.097,3.763
28.44,obstacle_human_2,6.097,3.763
28.49,obstacle_human_2,6.097,3.763
28.55,obstacle_human_2,6.097,3.763
28.61,obstacle_human_2,6.097,3.763
28.66,obstacle_human_2,6.097,3.763
28.72,obstacle_human_2,6.097,3.763
28.78,obstacle_human_2,6.097,3.763
28.83,obstacle_human_2,6.097,3.763
28.89,obstacle_human_2,6.097,3.763
28.95,obstacle_human_2,6.097,3.763
29.0,obstacle_human_2,6.097,3.763
29.06,obstacle_human_2,6.097,3.763
29.12,obstacle_human_2,6.097,3.763
29.17,obstacle_human_2,6.097,3.763
29.23,obstacle_human_2,6.097,3.763
29.29,obstacle_human_2,6.097,3.763
29.35,obstacle_human_2,6.097,3.763
29.41,obstacle_human_2,6.097,3.763
29.46,obstacle_human_2,6.097,3.763
29.52,obstacle_human_2,6.097,3.763
29.57,obstacle_human_2,6.097,3.763
29.63,obstacle_human_2,6.097,3.763
29.69,obstacle_human_2,6.097,3.763
29.74,obstacle_human_2,6.097,3.763
29.79,obstacle_human_2,6.097,3.763
29.85,obstacle_human_2,6.097,3.763
29.91,obstacle_human_2,6.097,3.763
29.97,obstacle_human_2,6.097,3.763
30.02,obstacle_human_2,6.097,3.763
30.08,obstacle_human_2,6.097,3.763
30.13,obstacle_human_2,6.097,3.763
30.19,obstacle_human_2,6.097,3.763
30.25,obstacle_human_2,6.097,3.763
30.31,obstacle_human_2,6.097,3.763
30.36,obstacle_human_2,6.097,3.763
30.42,obstacle_human_2,6.097,3.763
30.48,obstacle_human_2,6.097,3.763
30.53,obstacle_human_2,6.097,3.763
30.58,obstacle_human_2,6.097,3.763
30.64,obstacle_human_2,6.097,3.763
30.7,obstacle_human_2,6.097,3.763
30.77,obstacle_human_2,6.097,3.763
30.82,obstacle_human_2,6.097,3.763
30.87,obstacle_human_2,6.097,3.763
30.93,obstacle_human_2,6.097,3.763
30.99,obstacle_human_2,6.097,3.763
31.04,obstacle_human_2,6.097,3.763
31.1,obstacle_human_2,6.097,3.763
31.15,obstacle_human_2,6.097,3.763
31.21,obstacle_human_2,6.097,3.763
31.27,obstacle_human_2,6.097,3.763
31.33,obstacle_human_2,6.097,3.763
31.38,obstacle_human_2,6.097,3.763
31.44,obstacle_human_2,6.097,3.763
31.5,obstacle_human_2,6.097,3.763
31.55,obstacle_human_2,6.097,3.763
31.61,obstacle_human_2,6.097,3.763
31.66,obstacle_human_2,6.097,3.763
31.72,obstacle_human_2,6.097,3.763
31.78,obstacle_human_2,6.097,3.763
31.83,obstacle_human_2,6.097,3.763
31.89,obstacle_human_2,6.097,3.763
31.94,obstacle_human_2,6.097,3.763
32.0,obstacle_human_2,6.097,3.763
32.06,obstacle_human_2,6.097,3.763
32.11,obstacle_human_2,6.097,3.763
32.17,obstacle_human_2,6.097,3.763
32.22,obstacle_human_2,6.097,3.763
32.28,obstacle_human_2,6.097,3.763
32.34,obstacle_human_2,6.097,3.763
32.39,obstacle_human_2,6.097,3.763
32.45,obstacle_human_2,6.097,3.763
32.51,obstacle_human_2,6.097,3.763
32.57,obstacle_human_2,6.097,3.763
32.62,obstacle_human_2,6.097,3.763
32.68,obstacle_human_2,6.097,3.763
32.73,obstacle_human_2,6.097,3.763
32.79,obstacle_human_2,6.097,3.763
32.84,obstacle_human_2,6.097,3.763
32.9,obstacle_human_2,6.097,3.763
32.96,obstacle_human_2,6.097,3.763
33.01,obstacle_human_2,6.097,3.763
33.07,obstacle_human_2,6.097,3.763
33.13,obstacle_human_2,6.097,3.763
33.18,obstacle_human_2,6.097,3.763
33.24,obstacle_human_2,6.097,3.763
33.29,obstacle_human_2,6.097,3.763
33.35,obstacle_human_2,6.097,3.763
33.41,obstacle_human_2,6.097,3.763
33.47,obstacle_human_2,6.097,3.763
33.52,obstacle_human_2,6.097,3.763
33.58,obstacle_human_2,6.097,3.763
33.64,obstacle_human_2,6.097,3.763
33.69,obstacle_human_2,6.097,3.763
33.75,obstacle_human_2,6.097,3.763
33.81,obstacle_human_2,6.097,3.763
33.87,obstacle_human_2,6.097,3.763
33.92,obstacle_human_2,6.097,3.763
33.98,obstacle_human_2,6.097,3.763
34.03,obstacle_human_2,6.097,3.763
34.09,obstacle_human_2,6.097,3.763
34.15,obstacle_human_2,6.097,3.763
34.2,obstacle_human_2,6.097,3.763
34.26,obstacle_human_2,6.097,3.763
34.32,obstacle_human_2,6.097,3.763
34.37,obstacle_human_2,6.097,3.763
34.43,obstacle_human_2,6.097,3.763
34.48,obstacle_human_2,6.097,3.763
34.54,obstacle_human_2,6.097,3.763
34.59,obstacle_human_2,6.097,3.763
34.65,obstacle_human_2,6.097,3.763
34.71,obstacle_human_2,6.097,3.763
34.77,obstacle_human_2,6.097,3.763
34.82,obstacle_human_2,6.097,3.763
34.88,obstacle_human_2,6.097,3.763
34.94,obstacle_human_2,6.097,3.763
34.99,obstacle_human_2,6.097,3.763
35.05,obstacle_human_2,6.097,3.763
35.11,obstacle_human_2,6.097,3.763
35.16,obstacle_human_2,6.097,3.763
35.22,obstacle_human_2,6.097,3.763
35.28,obstacle_human_2,6.097,3.763
35.33,obstacle_human_2,6.097,3.763
35.39,obstacle_human_2,6.097,3.763
35.45,obstacle_human_2,6.097,3.763
35.51,obstacle_human_2,6.097,3.763
35.56,obstacle_human_2,6.097,3.763
35.62,obstacle_human_2,6.097,3.763
35.67,obstacle_human_2,6.097,3.763
35.73,obstacle_human_2,6.097,3.763
35.79,obstacle_human_2,6.097,3.763
35.84,obstacle_human_2,6.097,3.763
35.9,obstacle_human_2,6.097,3.763
35.96,obstacle_human_2,6.097,3.763
36.02,obstacle_human_2,6.097,3.763
36.07,obstacle_human_2,6.097,3.763
36.13,obstacle_human_2,6.097,3.763
36.18,obstacle_human_2,6.097,3.763
36.24,obstacle_human_2,6.097,3.763
36.3,obstacle_human_2,6.097,3.763
36.35,obstacle_human_2,6.097,3.763
36.41,obstacle_human_2,6.097,3.763
36.47,obstacle_human_2,6.097,3.763
36.52,obstacle_human_2,6.097,3.763
36.58,obstacle_human_2,6.097,3.763
36.64,obstacle_human_2,6.097,3.763
36.69,obstacle_human_2,6.097,3.763
36.75,obstacle_human_2,6.097,3.763
36.8,obstacle_human_2,6.097,3.763
36.86,obstacle_human_2,6.097,3.763
36.92,obstacle_human_2,6.097,3.763
36.98,obstacle_human_2,6.097,3.763
37.03,obstacle_human_2,6.097,3.763
37.09,obstacle_human_2,6.097,3.763
37.15,obstacle_human_2,6.097,3.763
37.21,obstacle_human_2,6.097,3.763
37.26,obstacle_human_2,6.097,3.763
37.32,obstacle_human_2,6.097,3.763
37.37,obstacle_human_2,6.097,3.763
37.43,obstacle_human_2,6.097,3.763
37.48,obstacle_human_2,6.097,3.763
37.54,obstacle_human_2,6.097,3.763
37.6,obstacle_human_2,6.097,3.763
37.65,obstacle_human_2,6.097,3.763
37.71,obstacle_human_2,6.097,3.763
37.77,obstacle_human_2,6.097,3.763
37.82,obstacle_human_2,6.097,3.763
37.87,obstacle_human_2,6.097,3.763
37.93,obstacle_human_2,6.097,3.763
37.99,obstacle_human_2,6.097,3.763
38.05,obstacle_human_2,6.097,3.763
38.1,obstacle_human_2,6.097,3.763
38.16,obstacle_human_2,6.097,3.763
38.21,obstacle_human_2,6.097,3.763
38.27,obstacle_human_2,6.097,3.763
38.32,obstacle_human_2,6.097,3.763
38.38,obstacle_human_2,6.097,3.763
38.44,obstacle_human_2,6.097,3.763
38.5,obstacle_human_2,6.097,3.763
38.55,obstacle_human_2,6.097,3.763
38.61,obstacle_human_2,6.097,3.763
38.66,obstacle_human_2,6.097,3.763
38.72,obstacle_human_2,6.097,3.763
38.77,obstacle_human_2,6.097,3.763
38.83,obstacle_human_2,6.097,3.763
38.88,obstacle_human_2,6.097,3.763
38.94,obstacle_human_2,6.097,3.763
39.0,obstacle_human_2,6.097,3.763
39.05,obstacle_human_2,6.097,3.763
39.11,obstacle_human_2,6.097,3.763
39.16,obstacle_human_2,6.097,3.763
39.22,obstacle_human_2,6.097,3.763
39.28,obstacle_human_2,6.097,3.763
39.34,obstacle_human_2,6.097,3.763
39.39,obstacle_human_2,6.097,3.763
39.45,obstacle_human_2,6.097,3.763
39.5,obstacle_human_2,6.097,3.763
39.56,obstacle_human_2,6.097,3.763
39.62,obstacle_human_2,6.097,3.763
39.68,obstacle_human_2,6.097,3.763
39.73,obstacle_human_2,6.097,3.763
39.79,obstacle_human_2,6.097,3.763
39.85,obstacle_human_2,6.097,3.763
39.9,obstacle_human_2,6.097,3.763
39.96,obstacle_human_2,6.097,3.763
40.01,obstacle_human_2,6.097,3.763
40.07,obstacle_human_2,6.097,3.763
40.13,obstacle_human_2,6.097,3.763
40.18,obstacle_human_2,6.097,3.763
40.24,obstacle_human_2,6.097,3.763
40.29,obstacle_human_2,6.097,3.763
40.35,obstacle_human_2,6.097,3.763
40.41,obstacle_human_2,6.097,3.763
40.47,obstacle_human_2,6.097,3.763
40.53,obstacle_human_2,6.097,3.763
40.59,obstacle_human_2,6.097,3.763
40.64,obstacle_human_2,6.097,3.763
40.7,obstacle_human_2,6.097,3.763
40.75,obstacle_human_2,6.097,3.763
40.81,obstacle_human_2,6.097,3.763
40.86,obstacle_human_2,6.097,3.763
40.92,obstacle_human_2,6.097,3.763
40.98,obstacle_human_2,6.097,3.763
41.04,obstacle_human_2,6.097,3.763
41.09,obstacle_human_2,6.097,3.763
41.15,obstacle_human_2,6.097,3.763
41.21,obstacle_human_2,6.097,3.763
41.26,obstacle_human_2,6.097,3.763
41.32,obstacle_human_2,6.097,3.763
41.38,obstacle_human_2,6.097,3.763
41.44,obstacle_human_2,6.097,3.763
41.49,obstacle_human_2,6.097,3.763
41.55,obstacle_human_2,6.097,3.763
41.6,obstacle_human_2,6.097,3.763
41.66,obstacle_human_2,6.097,3.763
41.72,obstacle_human_2,6.097,3.763
41.77,obstacle_human_2,6.097,3.763
41.83,obstacle_human_2,6.097,3.763
41.88,obstacle_human_2,6.097,3.763
41.94,obstacle_human_2,6.097,3.763
42.0,obstacle_human_2,6.097,3.763
42.05,obstacle_human_2,6.097,3.763
42.11,obstacle_human_2,6.097,3.763
42.16,obstacle_human_2,6.097,3.763
42.22,obstacle_human_2,6.097,3.763
42.27,obstacle_human_2,6.097,3.763
42.33,obstacle_human_2,6.097,3.763
42.39,obstacle_human_2,6.097,3.763
42.45,obstacle_human_2,6.097,3.763
42.51,obstacle_human_2,6.097,3.763
42.56,obstacle_human_2,6.097,3.763
42.62,obstacle_human_2,6.097,3.763
42.67,obstacle_human_2,6.097,3.763
42.73,obstacle_human_2,6.097,3.763
42.78,obstacle_human_2,6.097,3.763
42.84,obstacle_human_2,6.097,3.763
42.9,obstacle_human_2,6.097,3.763
42.95,obstacle_human_2,6.097,3.763
43.01,obstacle_human_2,6.097,3.763
43.07,obstacle_human_2,6.097,3.763
43.12,obstacle_human_2,6.097,3.763
43.18,obstacle_human_2,6.097,3.763
43.24,obstacle_human_2,6.097,3.763
43.29,obstacle_human_2,6.097,3.763
0.0,obstacle,2.466,1.273
0.06,obstacle,2.466,1.273
0.11,obstacle,2.466,1.273
0.17,obstacle,2.466,1.273
0.23,obstacle,2.466,1.273
0.28,obstacle,2.466,1.273
0.34,obstacle,2.466,1.273
0.4,obstacle,2.466,1.273
0.45,obstacle,2.466,1.273
0.51,obstacle,2.466,1.273
0.57,obstacle,2.466,1.273
0.63,obstacle,2.466,1.273
0.68,obstacle,2.466,1.273
0.74,obstacle,2.466,1.273
0.8,obstacle,2.466,1.273
0.85,obstacle,2.466,1.273
0.91,obstacle,2.466,1.273
0.97,obstacle,2.466,1.273
1.03,obstacle,2.466,1.273
1.09,obstacle,2.466,1.273
1.14,obstacle,2.466,1.273
1.2,obstacle,2.466,1.273
1.25,obstacle,2.466,1.273
1.31,obstacle,2.466,1.273
1.36,obstacle,2.466,1.273
1.42,obstacle,2.466,1.273
1.47,obstacle,2.466,1.273
1.54,obstacle,2.466,1.273
1.59,obstacle,2.466,1.273
1.65,obstacle,2.466,1.273
1.7,obstacle,2.466,1.273
1.76,obstacle,2.466,1.273
1.82,obstacle,2.466,1.273
1.87,obstacle,2.466,1.273
1.93,obstacle,2.466,1.273
1.99,obstacle,2.466,1.273
2.05,obstacle,2.466,1.273
2.1,obstacle,2.466,1.273
2.16,obstacle,2.466,1.273
2.21,obstacle,2.466,1.273
2.27,obstacle,2.466,1.273
2.33,obstacle,2.466,1.273
2.38,obstacle,2.466,1.273
2.44,obstacle,2.466,1.273
2.49,obstacle,2.466,1.273
2.55,obstacle,2.466,1.273
2.6,obstacle,2.466,1.273
2.66,obstacle,2.466,1.273
2.72,obstacle,2.466,1.273
2.77,obstacle,2.466,1.273
2.83,obstacle,2.466,1.273
2.89,obstacle,2.466,1.273
2.95,obstacle,2.466,1.273
3.01,obstacle,2.466,1.273
3.06,obstacle,2.466,1.273
3.12,obstacle,2.466,1.273
3.18,obstacle,2.466,1.273
3.23,obstacle,2.466,1.273
3.29,obstacle,2.466,1.273
3.34,obstacle,2.466,1.273
3.4,obstacle,2.466,1.273
3.46,obstacle,2.466,1.273
3.51,obstacle,2.466,1.273
3.57,obstacle,2.466,1.273
3.63,obstacle,2.466,1.273
3.68,obstacle,2.466,1.273
3.74,obstacle,2.466,1.273
3.79,obstacle,2.466,1.273
3.85,obstacle,2.466,1.273
3.91,obstacle,2.466,1.273
3.96,obstacle,2.466,1.273
4.02,obstacle,2.466,1.273
4.08,obstacle,2.466,1.273
4.13,obstacle,2.466,1.273
4.19,obstacle,2.466,1.273
4.24,obstacle,2.466,1.273
4.3,obstacle,2.466,1.273
4.36,obstacle,2.466,1.273
4.41,obstacle,2.466,1.273
4.47,obstacle,2.466,1.273
4.52,obstacle,2.466,1.273
4.58,obstacle,2.466,1.273
4.64,obstacle,2.466,1.273
4.69,obstacle,2.466,1.273
4.75,obstacle,2.466,1.273
4.81,obstacle,2.466,1.273
4.87,obstacle,2.466,1.273
4.92,obstacle,2.466,1.273
4.98,obstacle,2.466,1.273
5.03,obstacle,2.466,1.273
5.09,obstacle,2.466,1.273
5.15,obstacle,2.466,1.273
5.21,obstacle,2.466,1.273
5.26,obstacle,2.466,1.273
5.32,obstacle,2.466,1.273
5.38,obstacle,2.466,1.273
5.43,obstacle,2.466,1.273
5.49,obstacle,2.466,1.273
5.54,obstacle,2.466,1.273
5.6,obstacle,2.466,1.273
5.66,obstacle,2.466,1.273
5.71,obstacle,2.466,1.273
5.77,obstacle,2.466,1.273
5.82,obstacle,2.466,1.273
5.88,obstacle,2.466,1.273
5.94,obstacle,2.466,1.273
5.99,obstacle,2.466,1.273
6.05,obstacle,2.466,1.273
6.11,obstacle,2.466,1.273
6.16,obstacle,2.466,1.273
6.22,obstacle,2.466,1.273
6.28,obstacle,2.466,1.273
6.34,obstacle,2.466,1.273
6.39,obstacle,2.466,1.273
6.45,obstacle,2.466,1.273
6.51,obstacle,2.466,1.273
6.56,obstacle,2.466,1.273
6.62,obstacle,2.466,1.273
6.68,obstacle,2.466,1.273
6.73,obstacle,2.466,1.273
6.79,obstacle,2.466,1.273
6.85,obstacle,2.466,1.273
6.91,obstacle,2.466,1.273
6.96,obstacle,2.466,1.273
7.02,obstacle,2.466,1.273
7.07,obstacle,2.466,1.273
7.13,obstacle,2.466,1.273
7.18,obstacle,2.466,1.273
7.24,obstacle,2.466,1.273
7.3,obstacle,2.466,1.273
7.35,obstacle,2.466,1.273
7.41,obstacle,2.466,1.273
7.46,obstacle,2.466,1.273
7.52,obstacle,2.466,1.273
7.58,obstacle,2.466,1.273
7.64,obstacle,2.466,1.273
7.69,obstacle,2.466,1.273
7.75,obstacle,2.466,1.273
7.8,obstacle,2.466,1.273
7.86,obstacle,2.466,1.273
7.92,obstacle,2.466,1.273
7.97,obstacle,2.466,1.273
8.02,obstacle,2.466,1.273
8.08,obstacle,2.466,1.273
8.14,obstacle,2.466,1.273
8.19,obstacle,2.466,1.273
8.25,obstacle,2.466,1.273
8.3,obstacle,2.466,1.273
8.36,obstacle,2.466,1.273
8.41,obstacle,2.466,1.273
8.47,obstacle,2.466,1.273
8.52,obstacle,2.466,1.273
8.58,obstacle,2.466,1.273
8.63,obstacle,2.466,1.273
8.69,obstacle,2.466,1.273
8.75,obstacle,2.466,1.273
8.81,obstacle,2.466,1.273
8.86,obstacle,2.466,1.273
8.92,obstacle,2.466,1.273
8.97,obstacle,2.466,1.273
9.03,obstacle,2.466,1.273
9.08,obstacle,2.466,1.273
9.14,obstacle,2.466,1.273
9.2,obstacle,2.466,1.273
9.25,obstacle,2.466,1.273
9.31,obstacle,2.466,1.273
9.37,obstacle,2.466,1.273
9.42,obstacle,2.466,1.273
9.48,obstacle,2.466,1.273
9.53,obstacle,2.466,1.273
9.59,obstacle,2.466,1.273
9.64,obstacle,2.466,1.273
9.7,obstacle,2.466,1.273
9.75,obstacle,2.466,1.273
9.81,obstacle,2.466,1.273
9.86,obstacle,2.466,1.273
9.93,obstacle,2.466,1.273
9.98,obstacle,2.466,1.273
10.04,obstacle,2.466,1.273
10.1,obstacle,2.466,1.273
10.15,obstacle,2.466,1.273
10.21,obstacle,2.466,1.273
10.27,obstacle,2.466,1.273
10.32,obstacle,2.466,1.273
10.38,obstacle,2.466,1.273
10.44,obstacle,2.466,1.273
10.49,obstacle,2.466,1.273
10.55,obstacle,2.466,1.273
10.6,obstacle,2.466,1.273
10.66,obstacle,2.466,1.273
10.72,obstacle,2.466,1.273
10.77,obstacle,2.466,1.273
10.83,obstacle,2.466,1.273
10.89,obstacle,2.466,1.273
10.94,obstacle,2.466,1.273
11.0,obstacle,2.466,1.273
11.05,obstacle,2.466,1.273
11.11,obstacle,2.466,1.273
11.17,obstacle,2.466,1.273
11.23,obstacle,2.466,1.273
11.28,obstacle,2.466,1.273
11.34,obstacle,2.466,1.273
11.4,obstacle,2.466,1.273
11.45,obstacle,2.466,1.273
11.51,obstacle,2.466,1.273
11.57,obstacle,2.466,1.273
11.62,obstacle,2.466,1.273
11.68,obstacle,2.466,1.273
11.74,obstacle,2.466,1.273
11.79,obstacle,2.466,1.273
11.85,obstacle,2.466,1.273
11.9,obstacle,2.466,1.273
11.96,obstacle,2.466,1.273
12.01,obstacle,2.466,1.273
12.07,obstacle,2.466,1.273
12.13,obstacle,2.466,1.273
12.18,obstacle,2.466,1.273
12.24,obstacle,2.466,1.273
12.3,obstacle,2.466,1.273
12.36,obstacle,2.466,1.273
12.42,obstacle,2.466,1.273
12.47,obstacle,2.466,1.273
12.53,obstacle,2.466,1.273
12.58,obstacle,2.466,1.273
12.64,obstacle,2.466,1.273
12.7,obstacle,2.466,1.273
12.76,obstacle,2.466,1.273
12.81,obstacle,2.466,1.273
12.87,obstacle,2.466,1.273
12.93,obstacle,2.466,1.273
12.99,obstacle,2.466,1.273
13.04,obstacle,2.466,1.273
13.1,obstacle,2.466,1.273
13.15,obstacle,2.466,1.273
13.21,obstacle,2.466,1.273
13.26,obstacle,2.466,1.273
13.32,obstacle,2.466,1.273
13.37,obstacle,2.466,1.273
13.43,obstacle,2.466,1.273
13.49,obstacle,2.466,1.273
13.54,obstacle,2.466,1.273
13.6,obstacle,2.466,1.273
13.66,obstacle,2.466,1.273
13.72,obstacle,2.466,1.273
13.77,obstacle,2.466,1.273
13.83,obstacle,2.466,1.273
13.88,obstacle,2.466,1.273
13.94,obstacle,2.466,1.273
13.99,obstacle,2.466,1.273
14.05,obstacle,2.466,1.273
14.11,obstacle,2.466,1.273
14.16,obstacle,2.466,1.273
14.22,obstacle,2.466,1.273
14.27,obstacle,2.466,1.273
14.33,obstacle,2.466,1.273
14.38,obstacle,2.466,1.273
14.44,obstacle,2.466,1.273
14.5,obstacle,2.466,1.273
14.56,obstacle,2.466,1.273
14.61,obstacle,2.466,1.273
14.67,obstacle,2.466,1.273
14.72,obstacle,2.466,1.273
14.78,obstacle,2.466,1.273
14.84,obstacle,2.466,1.273
14.89,obstacle,2.466,1.273
14.95,obstacle,2.466,1.273
15.0,obstacle,2.466,1.273
15.06,obstacle,2.466,1.273
15.12,obstacle,2.466,1.273
15.18,obstacle,2.466,1.273
15.23,obstacle,2.466,1.273
15.29,obstacle,2.466,1.273
15.34,obstacle,2.466,1.273
15.4,obstacle,2.466,1.273
15.46,obstacle,2.466,1.273
15.51,obstacle,2.466,1.273
15.57,obstacle,2.466,1.273
15.63,obstacle,2.466,1.273
15.68,obstacle,2.466,1.273
15.74,obstacle,2.466,1.273
15.8,obstacle,2.466,1.273
15.86,obstacle,2.466,1.273
15.91,obstacle,2.466,1.273
15.97,obstacle,2.466,1.273
16.02,obstacle,2.466,1.273
16.08,obstacle,2.466,1.273
16.14,obstacle,2.466,1.273
16.2,obstacle,2.466,1.273
16.25,obstacle,2.466,1.273
16.31,obstacle,2.466,1.273
16.37,obstacle,2.466,1.273
16.42,obstacle,2.466,1.273
16.48,obstacle,2.466,1.273
16.54,obstacle,2.466,1.273
16.6,obstacle,2.466,1.273
16.65,obstacle,2.466,1.273
16.71,obstacle,2.466,1.273
16.76,obstacle,2.466,1.273
16.82,obstacle,2.466,1.273
16.89,obstacle,2.466,1.273
16.94,obstacle,2.466,1.273
17.0,obstacle,2.466,1.273
17.05,obstacle,2.466,1.273
17.11,obstacle,2.466,1.273
17.17,obstacle,2.466,1.273
17.23,obstacle,2.466,1.273
17.29,obstacle,2.466,1.273
17.34,obstacle,2.466,1.273
17.4,obstacle,2.466,1.273
17.46,obstacle,2.466,1.273
17.52,obstacle,2.466,1.273
17.57,obstacle,2.466,1.273
17.63,obstacle,2.466,1.273
17.68,obstacle,2.466,1.273
17.74,obstacle,2.466,1.273
17.8,obstacle,2.466,1.273
17.85,obstacle,2.466,1.273
17.91,obstacle,2.466,1.273
17.96,obstacle,2.466,1.273
18.02,obstacle,2.466,1.273
18.08,obstacle,2.466,1.273
18.14,obstacle,2.466,1.273
18.19,obstacle,2.466,1.273
18.25,obstacle,2.466,1.273
18.3,obstacle,2.466,1.273
18.36,obstacle,2.466,1.273
18.42,obstacle,2.466,1.273
18.47,obstacle,2.466,1.273
18.53,obstacle,2.466,1.273
18.58,obstacle,2.466,1.273
18.64,obstacle,2.466,1.273
18.7,obstacle,2.466,1.273
18.75,obstacle,2.466,1.273
18.81,obstacle,2.466,1.273
18.87,obstacle,2.466,1.273
18.92,obstacle,2.466,1.273
18.98,obstacle,2.466,1.273
19.04,obstacle,2.466,1.273
19.1,obstacle,2.466,1.273
19.15,obstacle,2.466,1.273
19.21,obstacle,2.466,1.273
19.27,obstacle,2.466,1.273
19.32,obstacle,2.466,1.273
19.38,obstacle,2.466,1.273
19.43,obstacle,2.466,1.273
19.49,obstacle,2.466,1.273
19.54,obstacle,2.466,1.273
19.6,obstacle,2.466,1.273
19.66,obstacle,2.466,1.273
19.72,obstacle,2.466,1.273
19.77,obstacle,2.466,1.273
19.82,obstacle,2.466,1.273
19.88,obstacle,2.466,1.273
19.94,obstacle,2.466,1.273
19.99,obstacle,2.466,1.273
20.05,obstacle,2.466,1.273
20.1,obstacle,2.466,1.273
20.16,obstacle,2.466,1.273
20.22,obstacle,2.466,1.273
20.28,obstacle,2.466,1.273
20.33,obstacle,2.466,1.273
20.39,obstacle,2.466,1.273
20.45,obstacle,2.466,1.273
20.51,obstacle,2.466,1.273
20.57,obstacle,2.466,1.273
20.62,obstacle,2.466,1.273
20.68,obstacle,2.466,1.273
20.74,obstacle,2.466,1.273
20.79,obstacle,2.466,1.273
20.85,obstacle,2.466,1.273
20.91,obstacle,2.466,1.273
20.96,obstacle,2.466,1.273
21.02,obstacle,2.466,1.273
21.08,obstacle,2.466,1.273
21.13,obstacle,2.466,1.273
21.19,obstacle,2.466,1.273
21.25,obstacle,2.466,1.273
21.3,obstacle,2.466,1.273
21.36,obstacle,2.466,1.273
21.41,obstacle,2.466,1.273
21.47,obstacle,2.466,1.273
21.53,obstacle,2.466,1.273
21.58,obstacle,2.466,1.273
21.64,obstacle,2.466,1.273
21.7,obstacle,2.466,1.273
21.76,obstacle,2.466,1.273
21.81,obstacle,2.466,1.273
21.86,obstacle,2.466,1.273
21.92,obstacle,2.466,1.273
21.98,obstacle,2.466,1.273
22.04,obstacle,2.466,1.273
22.09,obstacle,2.466,1.273
22.15,obstacle,2.466,1.273
22.21,obstacle,2.466,1.273
22.26,obstacle,2.466,1.273
22.32,obstacle,2.466,1.273
22.37,obstacle,2.466,1.273
22.43,obstacle,2.466,1.273
22.48,obstacle,2.466,1.273
22.54,obstacle,2.466,1.273
22.6,obstacle,2.466,1.273
22.66,obstacle,2.466,1.273
22.71,obstacle,2.466,1.273
22.77,obstacle,2.466,1.273
22.82,obstacle,2.466,1.273
22.88,obstacle,2.466,1.273
22.94,obstacle,2.466,1.273
23.0,obstacle,2.466,1.273
23.05,obstacle,2.466,1.273
23.11,obstacle,2.466,1.273
23.17,obstacle,2.466,1.273
23.22,obstacle,2.466,1.273
23.28,obstacle,2.466,1.273
23.33,obstacle,2.466,1.273
23.39,obstacle,2.466,1.273
23.45,obstacle,2.466,1.273
23.5,obstacle,2.466,1.273
23.57,obstacle,2.466,1.273
23.62,obstacle,2.466,1.273
23.67,obstacle,2.466,1.273
23.73,obstacle,2.466,1.273
23.79,obstacle,2.466,1.273
23.85,obstacle,2.466,1.273
23.9,obstacle,2.466,1.273
23.96,obstacle,2.466,1.273
24.01,obstacle,2.466,1.273
24.07,obstacle,2.466,1.273
24.13,obstacle,2.466,1.273
24.18,obstacle,2.466,1.273
24.24,obstacle,2.466,1.273
24.3,obstacle,2.466,1.273
24.35,obstacle,2.466,1.273
24.41,obstacle,2.466,1.273
24.47,obstacle,2.466,1.273
24.53,obstacle,2.466,1.273
24.58,obstacle,2.466,1.273
24.64,obstacle,2.466,1.273
24.69,obstacle,2.466,1.273
24.75,obstacle,2.466,1.273
24.81,obstacle,2.466,1.273
24.86,obstacle,2.466,1.273
24.92,obstacle,2.466,1.273
24.97,obstacle,2.466,1.273
25.04,obstacle,2.466,1.273
25.09,obstacle,2.466,1.273
25.15,obstacle,2.466,1.273
25.21,obstacle,2.466,1.273
25.27,obstacle,2.466,1.273
25.33,obstacle,2.466,1.273
25.38,obstacle,2.466,1.273
25.44,obstacle,2.466,1.273
25.49,obstacle,2.466,1.273
25.55,obstacle,2.466,1.273
25.6,obstacle,2.466,1.273
25.66,obstacle,2.466,1.273
25.72,obstacle,2.466,1.273
25.77,obstacle,2.466,1.273
25.83,obstacle,2.466,1.273
25.89,obstacle,2.466,1.273
25.94,obstacle,2.466,1.273
26.0,obstacle,2.466,1.273
26.05,obstacle,2.466,1.273
26.12,obstacle,2.466,1.273
26.17,obstacle,2.466,1.273
26.23,obstacle,2.466,1.273
26.29,obstacle,2.466,1.273
26.35,obstacle,2.466,1.273
26.4,obstacle,2.466,1.273
26.46,obstacle,2.466,1.273
26.51,obstacle,2.466,1.273
26.57,obstacle,2.466,1.273
26.62,obstacle,2.466,1.273
26.68,obstacle,2.466,1.273
26.74,obstacle,2.466,1.273
26.79,obstacle,2.466,1.273
26.85,obstacle,2.466,1.273
26.9,obstacle,2.466,1.273
26.96,obstacle,2.466,1.273
27.02,obstacle,2.466,1.273
27.07,obstacle,2.466,1.273
27.13,obstacle,2.466,1.273
27.19,obstacle,2.466,1.273
27.24,obstacle,2.466,1.273
27.3,obstacle,2.466,1.273
27.35,obstacle,2.466,1.273
27.42,obstacle,2.466,1.273
27.47,obstacle,2.466,1.273
27.53,obstacle,2.466,1.273
27.58,obstacle,2.466,1.273
27.64,obstacle,2.466,1.273
27.7,obstacle,2.466,1.273
27.76,obstacle,2.466,1.273
27.81,obstacle,2.466,1.273
27.86,obstacle,2.466,1.273
27.92,obstacle,2.466,1.273
27.98,obstacle,2.466,1.273
28.03,obstacle,2.466,1.273
28.09,obstacle,2.466,1.273
28.15,obstacle,2.466,1.273
28.21,obstacle,2.466,1.273
28.27,obstacle,2.466,1.273
28.33,obstacle,2.466,1.273
28.38,obstacle,2.466,1.273
28.44,obstacle,2.466,1.273
28.49,obstacle,2.466,1.273
28.55,obstacle,2.466,1.273
28.61,obstacle,2.466,1.273
28.66,obstacle,2.466,1.273
28.72,obstacle,2.466,1.273
28.78,obstacle,2.466,1.273
28.83,obstacle,2.466,1.273
28.89,obstacle,2.466,1.273
28.95,obstacle,2.466,1.273
29.0,obstacle,2.466,1.273
29.06,obstacle,2.466,1.273
29.12,obstacle,2.466,1.273
29.17,obstacle,2.466,1.273
29.23,obstacle,2.466,1.273
29.29,obstacle,2.466,1.273
29.35,obstacle,2.466,1.273
29.41,obstacle,2.466,1.273
29.46,obstacle,2.466,1.273
29.52,obstacle,2.466,1.273
29.57,obstacle,2.466,1.273
29.63,obstacle,2.466,1.273
29.69,obstacle,2.466,1.273
29.74,obstacle,2.466,1.273
29.79,obstacle,2.466,1.273
29.85,obstacle,2.466,1.273
29.91,obstacle,2.466,1.273
29.97,obstacle,2.466,1.273
30.02,obstacle,2.466,1.273
30.08,obstacle,2.466,1.273
30.13,obstacle,2.466,1.273
30.19,obstacle,2.466,1.273
30.25,obstacle,2.466,1.273
30.31,obstacle,2.466,1.273
30.36,obstacle,2.466,1.273
30.42,obstacle,2.466,1.273
30.48,obstacle,2.466,1.273
30.53,obstacle,2.466,1.273
30.58,obstacle,2.466,1.273
30.64,obstacle,2.466,1.273
30.7,obstacle,2.466,1.273
30.77,obstacle,2.466,1.273
30.82,obstacle,2.466,1.273
30.87,obstacle,2.466,1.273
30.93,obstacle,2.466,1.273
30.99,obstacle,2.466,1.273
31.04,obstacle,2.466,1.273
31.1,obstacle,2.466,1.273
31.15,obstacle,2.466,1.273
31.21,obstacle,2.466,1.273
31.27,obstacle,2.466,1.273
31.33,obstacle,2.466,1.273
31.38,obstacle,2.466,1.273
31.44,obstacle,2.466,1.273
31.5,obstacle,2.466,1.273
31.55,obstacle,2.466,1.273
31.61,obstacle,2.466,1.273
31.66,obstacle,2.466,1.273
31.72,obstacle,2.466,1.273
31.78,obstacle,2.466,1.273
31.83,obstacle,2.466,1.273
31.89,obstacle,2.466,1.273
31.94,obstacle,2.466,1.273
32.0,obstacle,2.466,1.273
32.06,obstacle,2.466,1.273
32.11,obstacle,2.466,1.273
32.17,obstacle,2.466,1.273
32.22,obstacle,2.466,1.273
32.28,obstacle,2.466,1.273
32.34,obstacle,2.466,1.273
32.39,obstacle,2.466,1.273
32.45,obstacle,2.466,1.273
32.51,obstacle,2.466,1.273
32.57,obstacle,2.466,1.273
32.62,obstacle,2.466,1.273
32.68,obstacle,2.466,1.273
32.73,obstacle,2.466,1.273
32.79,obstacle,2.466,1.273
32.84,obstacle,2.466,1.273
32.9,obstacle,2.466,1.273
32.96,obstacle,2.466,1.273
33.01,obstacle,2.466,1.273
33.07,obstacle,2.466,1.273
33.13,obstacle,2.466,1.273
33.18,obstacle,2.466,1.273
33.24,obstacle,2.466,1.273
33.29,obstacle,2.466,1.273
33.35,obstacle,2.466,1.273
33.41,obstacle,2.466,1.273
33.47,obstacle,2.466,1.273
33.52,obstacle,2.466,1.273
33.58,obstacle,2.466,1.273
33.64,obstacle,2.466,1.273
33.69,obstacle,2.466,1.273
33.75,obstacle,2.466,1.273
33.81,obstacle,2.466,1.273
33.87,obstacle,2.466,1.273
33.92,obstacle,2.466,1.273
33.98,obstacle,2.466,1.273
34.03,obstacle,2.466,1.273
34.09,obstacle,2.466,1.273
34.15,obstacle,2.466,1.273
34.2,obstacle,2.466,1.273
34.26,obstacle,2.466,1.273
34.32,obstacle,2.466,1.273
34.37,obstacle,2.466,1.273
34.43,obstacle,2.466,1.273
34.48,obstacle,2.466,1.273
34.54,obstacle,2.466,1.273
34.59,obstacle,2.466,1.273
34.65,obstacle,2.466,1.273
34.71,obstacle,2.466,1.273
34.77,obstacle,2.466,1.273
34.82,obstacle,2.466,1.273
34.88,obstacle,2.466,1.273
34.94,obstacle,2.466,1.273
34.99,obstacle,2.466,1.273
35.05,obstacle,2.466,1.273
35.11,obstacle,2.466,1.273
35.16,obstacle,2.466,1.273
35.22,obstacle,2.466,1.273
35.28,obstacle,2.466,1.273
35.33,obstacle,2.466,1.273
35.39,obstacle,2.466,1.273
35.45,obstacle,2.466,1.273
35.51,obstacle,2.466,1.273
35.56,obstacle,2.466,1.273
35.62,obstacle,2.466,1.273
35.67,obstacle,2.466,1.273
35.73,obstacle,2.466,1.273
35.79,obstacle,2.466,1.273
35.84,obstacle,2.466,1.273
35.9,obstacle,2.466,1.273
35.96,obstacle,2.466,1.273
36.02,obstacle,2.466,1.273
36.07,obstacle,2.466,1.273
36.13,obstacle,2.466,1.273
36.18,obstacle,2.466,1.273
36.24,obstacle,2.466,1.273
36.3,obstacle,2.466,1.273
36.35,obstacle,2.466,1.273
36.41,obstacle,2.466,1.273
36.47,obstacle,2.466,1.273
36.52,obstacle,2.466,1.273
36.58,obstacle,2.466,1.273
36.64,obstacle,2.466,1.273
36.69,obstacle,2.466,1.273
36.75,obstacle,2.466,1.273
36.8,obstacle,2.466,1.273
36.86,obstacle,2.466,1.273
36.92,obstacle,2.466,1.273
36.98,obstacle,2.466,1.273
37.03,obstacle,2.466,1.273
37.09,obstacle,2.466,1.273
37.15,obstacle,2.466,1.273
37.21,obstacle,2.466,1.273
37.26,obstacle,2.466,1.273
37.32,obstacle,2.466,1.273
37.37,obstacle,2.466,1.273
37.43,obstacle,2.466,1.273
37.48,obstacle,2.466,1.273
37.54,obstacle,2.466,1.273
37.6,obstacle,2.466,1.273
37.65,obstacle,2.466,1.273
37.71,obstacle,2.466,1.273
37.77,obstacle,2.466,1.273
37.82,obstacle,2.466,1.273
37.87,obstacle,2.466,1.273
37.93,obstacle,2.466,1.273
37.99,obstacle,2.466,1.273
38.05,obstacle,2.466,1.273
38.1,obstacle,2.466,1.273
38.16,obstacle,2.466,1.273
38.21,obstacle,2.466,1.273
38.27,obstacle,2.466,1.273
38.32,obstacle,2.466,1.273
38.38,obstacle,2.466,1.273
38.44,obstacle,2.466,1.273
38.5,obstacle,2.466,1.273
38.55,obstacle,2.466,1.273
38.61,obstacle,2.466,1.273
38.66,obstacle,2.466,1.273
38.72,obstacle,2.466,1.273
38.77,obstacle,2.466,1.273
38.83,obstacle,2.466,1.273
38.88,obstacle,2.466,1.273
38.94,obstacle,2.466,1.273
39.0,obstacle,2.466,1.273
39.05,obstacle,2.466,1.273
39.11,obstacle,2.466,1.273
39.16,obstacle,2.466,1.273
39.22,obstacle,2.466,1.273
39.28,obstacle,2.466,1.273
39.34,obstacle,2.466,1.273
39.39,obstacle,2.466,1.273
39.45,obstacle,2.466,1.273
39.5,obstacle,2.466,1.273
39.56,obstacle,2.466,1.273
39.62,obstacle,2.466,1.273
39.68,obstacle,2.466,1.273
39.73,obstacle,2.466,1.273
39.79,obstacle,2.466,1.273
39.85,obstacle,2.466,1.273
39.9,obstacle,2.466,1.273
39.96,obstacle,2.466,1.273
40.01,obstacle,2.466,1.273
40.07,obstacle,2.466,1.273
40.13,obstacle,2.466,1.273
40.18,obstacle,2.466,1.273
40.24,obstacle,2.466,1.273
40.29,obstacle,2.466,1.273
40.35,obstacle,2.466,1.273
40.41,obstacle,2.466,1.273
40.47,obstacle,2.466,1.273
40.53,obstacle,2.466,1.273
40.59,obstacle,2.466,1.273
40.64,obstacle,2.466,1.273
40.7,obstacle,2.466,1.273
40.75,obstacle,2.466,1.273
40.81,obstacle,2.466,1.273
40.86,obstacle,2.466,1.273
40.92,obstacle,2.466,1.273
40.98,obstacle,2.466,1.273
41.04,obstacle,2.466,1.273
41.09,obstacle,2.466,1.273
41.15,obstacle,2.466,1.273
41.21,obstacle,2.466,1.273
41.26,obstacle,2.466,1.273
41.32,obstacle,2.466,1.273
41.38,obstacle,2.466,1.273
41.44,obstacle,2.466,1.273
41.49,obstacle,2.466,1.273
41.55,obstacle,2.466,1.273
41.6,obstacle,2.466,1.273
41.66,obstacle,2.466,1.273
41.72,obstacle,2.466,1.273
41.77,obstacle,2.466,1.273
41.83,obstacle,2.466,1.273
41.88,obstacle,2.466,1.273
41.94,obstacle,2.466,1.273
42.0,obstacle,2.466,1.273
42.05,obstacle,2.466,1.273
42.11,obstacle,2.466,1.273
42.16,obstacle,2.466,1.273
42.22,obstacle,2.466,1.273
42.27,obstacle,2.466,1.273
42.33,obstacle,2.466,1.273
42.39,obstacle,2.466,1.273
42.45,obstacle,2.466,1.273
42.51,obstacle,2.466,1.273
42.56,obstacle,2.466,1.273
42.62,obstacle,2.466,1.273
42.67,obstacle,2.466,1.273
42.73,obstacle,2.466,1.273
42.78,obstacle,2.466,1.273
42.84,obstacle,2.466,1.273
42.9,obstacle,2.466,1.273
42.95,obstacle,2.466,1.273
43.01,obstacle,2.466,1.273
43.07,obstacle,2.466,1.273
43.12,obstacle,2.466,1.273
43.18,obstacle,2.466,1.273
43.24,obstacle,2.466,1.273
43.29,obstacle,2.466,1.273
